V9nGEVzTlVg;UCSBpMpQo4iKnzoGhUpS8sSw;DER HORROR GEHT WIEDER LOS !! Resident Evil 7 DLC #1 ??????;FeelGamingTV
mlwaJzOZEQc;UC1KysDNrX5h8f5Hid62wX_Q;??Resident Evil 7  ??? ???;GAMER SNACK | ???? ????
UxAZ5ZFNN38;UC6UTBWQJOvtGIjdBcC7WwPw;OVERLEVEN IN EEN GROOT VERLATEN BOS!! - Resident Evil 7 End of Zoe DLC #1 (Nederlands);Royalistiq
EhGxwquNG5c;UC3J4Q1grz46bdJ7NJLd4DGw;Akhir Riwayat Lucas - RESIDENT EVIL 7 - Not A Hero - Indonesia #3 (END);MiawAug
4rlUkAUkTbg;UCP5lXM0RlhQgek9atfRmuwA;NoThx playing Resident Evil VII | End Of Zoe DLC EP01;NoThxTV
ZbuCXKVN90w;UCdKuE7a2QZeHPhDntXVZ91w;?????? ????? ? Resident Evil 7: End of Zoe #1;Kuplinov ? Play
0AtDL1XfrRI;UC7xyigLWA3fbamC_V3pFaJg;LA ESPERA TERMINO!! - NOT A HERO/RESIDENT EVIL 7 | #1;MaxielPRO
6iKGHqZNpMI;UCtZP0L7yoEycj6w-f7uVNaA;Resident Evil 7 End Of Zoe - Let's Play #1 [FR];ExVSK
N-8x6L9WSX0;UCFLARbB5JTlJU9sY2Vcev1Q;Es macht so FUN ?? Zoes Ende | Resident Evil 7 Deutsch/German;Sev
d9JWOvSBecg;UCUGkSxaVP_65NyK8fUqPRIg;KORKUYA KALDI?I YERDEN DEVAM | Resident Evil 7 Not A Hero Türkçe;Easter GamersTv
Fw_mIJg93dY;UCY8iijN1AkyDCh1Z9akcqUA;RESIDENT EVIL 7: END OF ZOE - #1: O Irmão PORRADEIRO do Paizão!!;funkyblackcat
7brUlJYxK8k;UCdKuE7a2QZeHPhDntXVZ91w;????? ????? ? ???? ? Resident Evil 7: Not a Hero #1;Kuplinov ? Play
hOZdAGfEqtY;UCVuIAsy-JHi1K-wO-aYfhtA;RESIDENT EVIL 7 #10 - UMA ESCOLHA DIFÍCIL (Gameplay Português PT-BR);Overman
ZtUWHQ21m_c;UCLL5dVnel0uRX3aiyVXQYkw;RESIDENT EVIL 7 ? ??????????? End of Zoe ? ????-?????? ???? ??? ???????;TheGideonGames
yvLIJ0Minhk;UCY8iijN1AkyDCh1Z9akcqUA;RESIDENT EVIL 7: NOT A HERO - #1: Início - Chris Redfield na Umbrella??;funkyblackcat
ORk93zLoins;UC6zVrNoS2romPX3WrR-xxTA;Resident Evil 7 | END OF ZOE + NOT A HERO FULL DLC & ENDING | Livestream Gameplay;Quizzle
NoDB0vOwT5c;UCQnNccCfrdZhfyuegdP0xXw;Resident Evil 7 Gaming MX 150 Benchmark;SOMETHING NEW
0RBEJeq7_Ys;UCB3FIQL0yCHHdAW8m3d9GHg;QUASE INFARTEI JOGANDO RESIDENT EVIL 7;Kakaxe Rataque
7KNvwhcgwkI;UCzYkQgr2iZFYHPJIPONyvsQ;EFF THIS BASEMENT!!!! FRIEZA PLAYS RESIDENT EVIL 7 PART 3!;Lord Frieza
5CpNjfkpNRc;UCVuIAsy-JHi1K-wO-aYfhtA;RESIDENT EVIL 7 #01 - O Início dos SUSTOS, em Português PT-BR;Overman
DZ_CX55BinM;UChbOvHWhMpQ3CwYC74CJ-mw;Morando com a Namorada (Resident Evil 7 Paródia) | Think Mind;ThinkMindProductions
fbVhxbZaPT8;UCddN6tViXZMEOfvO-rqfbNg;LUAN GAMEPLAYS JOGANDO RESIDENT EVIL 7;CANAL DO LUAN
Ee9CU-odvsc;UCg_JwOXFtu3iEtbr4ttXm9g;"Resident Evil 7: Biohazard | Not A Hero - ""Lucas"" PGW 2017 Trailer | PlayStation VR";PlayStation Europe
IrZfx_R16r8;UCNIz_V-0UAWaR4HYxN7UYDw;SPIEGIAU KAIP MERGAIT? - Resident Evil 7: Biohazard #12;V?jas
aTnCNFshGSA;UCVIja5Pe_zflIDue13FUrmQ;E SE RESIDENT EVIL 7 FOSSE NA BAHIA? - Tá repreendido -  GamePain;Seu Pimenta Tv
JHjFl-8SAX8;UCPSxcy8dRayvtXuMume8nUg;RESIDENT EVIL 7 - Not A Hero DLC / End Of Zoe DLC Theories/Secrets [SPOILERS];AvidExpert
ym7fDoOzt8c;UCj1HrUIKkLwUD5uvHUZAywA;Korkunç K?z Karde? - Resident Evil 7 DLC;Oyun Delisi
b0uZM9m4Cgc;UCNIz_V-0UAWaR4HYxN7UYDw;NEBEPAŽ?STU LAIKO - Resident Evil 7: Biohazard #9;V?jas
QZYxhuTo7ck;UCHTnEwQKNwm49CQeCVZogMw;Off Camera Secrets | Resident Evil 7 - Boundary Break;Shesez
v9c7Uis97Vs;UCboMX_UNgaPBsUOIgasn3-Q;MOMMY DEADEST - Resident Evil 7 Bedroom DLC Gameplay;Funhaus
N7jjnCf7XKw;UCv41KdQwTaG2fyEUhsuyN-w;8 MORTES MAIS VIOLENTAS DE RESIDENT EVIL 7!;Enmynest
oieyCMrVJbI;UCIQ1PyEVzV2sc4CXHKH2cSg;Resident Evil 7 - ????? ?????;Dobryak
0BXc3NuEkqE;UCv41KdQwTaG2fyEUhsuyN-w;"RESIDENT EVIL 7 - EXPLICANDO A CENA SECRETA QUE O ETHAN ""COLA"" A PERNA";Enmynest
1fY_MlHxmTI;UCSDVzkZG98wMNRTDkfviBQQ;Maddyson [2 ??? 2017] Resident Evil 7 (????? 2);Sut Takova
khgRw6usr_M;UCSDVzkZG98wMNRTDkfviBQQ;????????? ??????????? Resident Evil 7 Maddyson [28 ?????? 2017] (????? 1);Sut Takova
lNheaC20Gew;UC6Q88ekNli7UkmrhtSVHjJw;Just Get Me Outta Here! Achievement Guide - Resident Evil 7: Biohazard;The Elk Enigma
B-rVGObfLmk;UC_rqLZVSqhD4IKjzahdm6PQ;RESIDENT EVIL 7, Final Boss Fight - How to kill Eveline [Written Commentary];Gamerpillar
l3WaYqG5IBY;UCo0U1tbk3YbqiLDhkeWOviQ;Resident Evil 7 - BONUS n°1 - LE BLACKJACK DE LA MUERTE !!!;FantaBobGames
oBTOce4RPGA;UC3J4Q1grz46bdJ7NJLd4DGw;Dewa Judi - RESIDENT EVIL 7 - Banned Footage - 21;MiawAug
UKA05FmGHHU;UCbvXfVIuFUm6ivN-BeAN-rg;resident evil 7 ???????????? ??? ??PART 1;IrakliGamer
7JmdxkPJ5r4;UCNIz_V-0UAWaR4HYxN7UYDw;VOR? LIZDAS TARP KOJ? - Resident Evil 7: Biohazard #8;V?jas
dgrXpu7NtYI;UCSBpMpQo4iKnzoGhUpS8sSw;DAS GROßE FINALE !! RESIDENT EVIL 7 : Lets Play #25 [FACECAM];FeelGamingTV
ElO2vY8u6I4;UChbOvHWhMpQ3CwYC74CJ-mw;Morando com Vovó (Resident Evil 7 Paródia) | Think Mind;ThinkMindProductions
SX5aijjNztM;UCL7DDQWP6x7wy0O6L5ZIgxg;Resident Evil 7 (VR) - Fearful Drinking;2ndJerma
sdWJFKfwqoo;UC9CuvdOVfMPvKCiwdGKL3cQ;Resident Evil 7 - Jack Has Style - PART 8 - Game Grumps;GameGrumps
xKruvoyeZ64;UCaglZt0f1RUxYzna4dzXY9Q;??? ????? ???? ???????? ??????? ????? 2 ???? ? Resident Evil 7 DLC 21 ???????????;Evgenirus
sMMUuwnkYUU;UCbVFXCdwPMpv_4BPVbc2HHA;ETHAN WINTERS • Resident Evil 7 Lore;SinglePlayerNacho
3a1ExfQmSj4;UCVOXJao4WML7JYiUV-sNNYw;RESIDENT EVIL 7 / DO?UM GÜNÜ PUZZLE'I / Bölüm 10;Fedupsamania
I9GawjBQDsY;UCYJ61XIK64sp6ZFFS8sctxw;HÄPPI BÖRSDAY, lieber PAPA! ?? RESIDENT EVIL 7 DLCs #009;Gronkh
6qAQ38UB3bM;UCY-aY6fAqJauPWfxZ7HTZig;???? ?? ???????????! (Resident Evil 7 #3);2J Games
BKUTqlIkb3s;UCYiGq8XF7YQD00x7wAd62Zg;CASI, CASI, CASI, CASI, CASI, CASI, CASI, CASI... | Resident Evil 7 - Parte 11;JuegaGerman
g7KU0icnjQs;UCYJ61XIK64sp6ZFFS8sctxw;ALBTRAUM ?? RESIDENT EVIL 7 DLCs #008;Gronkh
M7x1tnY0GU8;UCJ-tgGoaUJs62jqjsqyR3dA;Best of Erne Resident Evil 7 FeelGamingTV;Feelfifa family
W3VmeFHfkJs;UCShzY_Zghxhkdkh5nSWyBVg;Resident Evil 7 #3 Solo V?i Lão Già Ma;Zombie V4 [ Ti?n Xinh Trai ]
Yzah2Ea7DbI;UCdHyMy7pxEYUUEJYhAK7pwQ;?????? ?? ???? ??????! - Resident Evil 7;Saudi Gamer - ????? ????
R9nmGF4zIhc;UCYiGq8XF7YQD00x7wAd62Zg;EL TIPO MISTERIOSO | Resident Evil 7 - Parte 10;JuegaGerman
8u7zTWhR2U4;UCIr1YTkEHdJFtqHvR7Rwttg;RESIDENT EVIL 7 - Pt. 1: BIOHAZARD scares the HELL out of Austin!!! — Jump Scares;UpUpDownDown
#NAME?;UC-1b52dI6MuR5BNLQj2FvFg;Resident Evil 7 - Banned Footage - Stream 1;Hellbent
h_HUquwScAk;UCYJ61XIK64sp6ZFFS8sctxw;10 FINGER + 11 KARTEN = 21 ?? RESIDENT EVIL 7 DLCs #006;Gronkh
k-XI9cwAQTA;UC5S0zPiz9-zZJ6WTV3YfE9w;Albtraum Finale – RESIDENT EVIL 7 DLC Gameplay German – Lets Play RE VII Deutsch;Dave Gaming
WBVWjgvdu5U;UCIwspRtKNszHhIhl36gREjQ;COMO TUDO COMEÇOU! - RESIDENT EVIL 7: DAUGHTERS DLC;ElectronicDesireGE
7tbhvxHSiiE;UCfo8l0mgO_eleaditz0EClA;Resident Evil 7 - #1;Jahrein
aB64lrOJuws;UCjuRnAVSiarRGOI8DA2oJtQ;RE7 #17 | EL JUEGO DE CARTAS PERFECTO | RESIDENT EVIL 7 DLC: BANNED FOOTAGE Gameplay Español;Menos Trece
miVco-b1q08;UCYJ61XIK64sp6ZFFS8sctxw;MUND ZU MUND mit MAMA! ?? RESIDENT EVIL 7 DLCs #005;Gronkh
bFd8zKjW_k8;UC7_YxT-KID8kRbqZo7MyscQ;ESCAPE THE NIGHTMARE!! | Resident Evil 7 - Part 11;Markiplier
j2spkbJ7i3Y;UCWKtHaeXVzUscYGcm0hEunw;SUSTOS E MELHORES MOMENTOS... BRKsEDU em RESIDENT EVIL 7!;BRKsEDU
stoZ_vILVl0;UCKa6gL3VqTkZcYfbaPRh_GQ;???? ? ????? ???????? ?  21 DLC. Resident Evil 7 Banned Footage;RobosergTV
4-wLmsv23xs;UC4plRabXFGdAE6HP-tBQKdQ;????????????? - Resident Evil 7: DLC 21;HEARTROCKER
EYgxjsJY3B0;UCSjXXHwfaDq1w9oQ0xgOFNg;MOST INTENSE GAME EVER - Resident Evil 7 DLC - 21 Survival+ Ending;John Wolfe
RY9ac8_Wtcw;UCYJ61XIK64sp6ZFFS8sctxw;EINFACH NUR UNHÖFLICH! ?? RESIDENT EVIL 7 DLCs #002;Gronkh
pZcjGScYWJo;UC9R8JUIQhIiWanscw6pbwYA;DAS TÖDLICHSTE SPIEL DEINES LEBENS. | Resident Evil VII - 21 - Banned Footage DLC;Corrupted
EMS5mKwUrBc;UCjuRnAVSiarRGOI8DA2oJtQ;RE7 #15 | EL SÓTANO PESADILLA | RESIDENT EVIL 7 DLC: BANNED FOOTAGE Gameplay Español;Menos Trece
0bwTB9xG5Wg;UClEQXLhTjlHIWkQNx_hj7Cg;Resident Evil 7 DLC: Vidéos Interdites: Fille Vraie Fin;Fredericma45
ihyBLsd4Plc;UCYJ61XIK64sp6ZFFS8sctxw;ARMES, KLEINES DING! ?? RESIDENT EVIL 7 DLCs #001;Gronkh
5CSKzY1qvqM;UCbIa2wKzCfoTCF0qaNFEq-Q;RESIDENT EVIL 7 #9: Rainha Vermelha? Novos inimigos;TheMFW
hQ-RxQW1Feg;UCFLARbB5JTlJU9sY2Vcev1Q;SCHLAFZIMMER (Verbotenes Filmmaterial) | Resident Evil 7 (Deutsch/German);Sev
8eGpDmDUzdM;UCYzp8-P162Em-3uZnCuGJOg;Tamanho desse Monstro! - RESIDENT EVIL 7;Games EduUu
EqYs4grJxOk;UCDx2-SCLzDaC4vlh2PCGYQA;??????????? ????? ? Resident Evil 7: Banned Footage.;Jove
DAy502S1qtI;UC5LSA2syg_NbHXghHGWojPg;RESIDENT EVIL 7 [+10 Trainer] v3.0 by `pSYcHo;`pSYcHo
gyqU3rDZrfM;UCx8vbgWs666cAS7wsKos5sA;OK.. THIS IS TOO FAR! || Resident Evil 7 21 ENDING (Banned Footage VOL.2);8-BitRyan
Sm95EreUovM;UCY3Uw6Vdkk8KvY5fEq1iTpA;VOD - Laink et Terracid // Resident Evil 7 [1/8];Wankil Studio - Les VOD
3pKSZQnsOS0;UCJ8GQ_SNb-33m_BluT4TTlw;Resident Evil 7 - MODELOS DE ROSTO ( Os Personagens na VIDA REAL ) [ RE7 Face Models ];MaxMRM GAMEPLAY
-5lP_kk4EyE;UChFzJ0bYwztKa4H4oF8fOvw;Resident Evil 7 - Jannine Weigel (????????) Part 3 [Speaking Thai];Jannine Weigel
aFLS2kWqPnA;UCCbfB3cQtkEAiKfdRQnfQvw;Scary Game Squad: Resident Evil 7 [DLC] - Daughters;Jesse Cox
xLyVEGXSaj0;UCYJ61XIK64sp6ZFFS8sctxw;THE BEAUTY & THE BEAST (ENDE) ?? RESIDENT EVIL 7 #026;Gronkh
552Jy1eR4Xs;UCdKuE7a2QZeHPhDntXVZ91w;???? ???????? ????? ? Resident Evil 7: Banned Footage DLC #7;Kuplinov ? Play
BEd-ecmsWko;UCJ8GQ_SNb-33m_BluT4TTlw;Resident Evil 7 - Vencendo no 21 / SEM LEVAR DANO ( Flawless );MaxMRM GAMEPLAY
urAcQsM_8nc;UC5S0zPiz9-zZJ6WTV3YfE9w;TÖCHTER – Das wahre Ende – RESIDENT EVIL 7 DLC Gameplay German – Lets Play RE VII Deutsch;Dave Gaming
7q4bj1t4m0o;UCummvk7kEvxkQTPOZQTUnUg;Best of Herr Currywurst - Resident Evil 7 [German] [HD];Squni I Best of Gaming
Oo4QrJxGpHk;UCdKuE7a2QZeHPhDntXVZ91w;??????????? ???? ? Resident Evil 7: Banned Footage DLC #6;Kuplinov ? Play
hGkbufZ0MM4;UCrR3Pb60RA7lks1zV_LYauw;RESIDENT EVIL 7 - DLC 21 - Blackjack dos Jogos Mortais!!! [ PS4 Pro - Playthrough ];Lucky Salamander
kGiApIrttxU;UCc_gMV4N9vJtpy7GcMUHaVw;RESIDENT EVIL 7 #DLC 4: CH?I BÀI CH?T NGÓN TAY !? B? L?Y MÀY;Tr?c Ti?p Game
bHbLgaEabFU;UCaglZt0f1RUxYzna4dzXY9Q;????? ?? ????????? - ?????? ??????? ? Resident Evil 7 DLC 21 ????? ??????????? ?? ???????;Evgenirus
31JrWZ6MlMw;UCbVFXCdwPMpv_4BPVbc2HHA;Resident Evil 7 - Full Map Exploration EXPERIMENT Part 2;SinglePlayerNacho
N-oqvBrrWHk;UCY8iijN1AkyDCh1Z9akcqUA;"RESIDENT EVIL 7 - A História dos Bakers (Banned Footage Vol. 2 - ""Filhas"")";funkyblackcat
zIvESDSMiEU;UCp1VWSTrt2cUBInkn4dUmDA;RESIDENT EVIL 7 VR #1 | I CAN'T DO THIS!;iBerleezy
__oGoE4YTGk;UCNBFVRMaGirbTYYhnp6CWXA;Resident Evil 7 | NUEVO DLC 21 | Historia Completa;Theslayer360
oLDlNw8Z8nw;UCx8vbgWs666cAS7wsKos5sA;THIS IS HOW IT ALL HAPPENED.. || Resident Evil 7 DAUGHTERS Ending (Banned Footage VOL.2);8-BitRyan
3JubjIs8ZR0;UCc_gMV4N9vJtpy7GcMUHaVw;RESIDENT EVIL 7 #DLC 3: B? M? ?I THA CHO CON !!!;Tr?c Ti?p Game
0nEzxf-FlXQ;UC5S0zPiz9-zZJ6WTV3YfE9w;Verbotenes Filmmaterial 2: 21 – RESIDENT EVIL 7 DLC Gameplay German – Lets Play RE VII Deutsch;Dave Gaming
1700xIhLbf8;UCGvI-2uoBLrSKZgqmmi9uGA;Best of Pandorya - RESIDENT EVIL 7 ?? [HD];BestofHWSQ
na6FpfclNV4;UCTcc3KiX3RYXhi96vI_jJPA;"CAUTION: THIS IS F**KED UP | Resident Evil 7 - ""21"" (Lucas DLC)";TheRPGMinx
2jPZyWS9wuk;UCJ8GQ_SNb-33m_BluT4TTlw;Resident Evil 7 - JACK'S 55th BIRTHDAY / Aniversário de 55 anos de Jack;MaxMRM GAMEPLAY
5m3Q9jy724U;UCQBEHg0j6baNS1Lya-L4BJw;??? ?????????? ???????! ? Resident Evil 7: ?????? [Banned Footage Vol. 2];BlackSilverUFA
qsgAYJWmJfM;UC1KE8fdmhLOodMxW_tKC5jw;21 - Resident Evil 7 Card Game DLC LIVE - BANNED Footage #2;SwingPoynt
hTsfBTIsnFU;UClSZnkpr8R-XN0YdDbeRJtA;?PS4?RESIDENT EVIL 7: BIOHAZARD - DLC Banned Footage Vol 2 ?Daughters?TRUE ENDING?;OmegaGamesWiki™
5OKR19smd6c;UCVOXJao4WML7JYiUV-sNNYw;RESIDENT EVIL 7 / MELEK G?B? ANNE / Bölüm 3;Fedupsamania
eRB8su7N3sM;UCTcc3KiX3RYXhi96vI_jJPA;THE ORIGIN OF THE BAKER FAMILY! | Resident Evil 7: Daughters DLC | ALL ENDINGS;TheRPGMinx
ESXnlbyahI8;UCC9ZIpLRneyc3gyoCrEj1uw;Resident Evil 7: Biohazard - recenzja quaza;quaz9
YYpHOMytAnw;UC7xYS30lwFpT6mr07Qz6zRw;"Resident Evil 7: Biohazard | DLC ""Grabaciones Inéditas Vol.2"" | ""21""";RicharBetaCode
NIPP-ENvBEU;UCVqvygSDuoBlLzhZfW7Xt_w;Resident Evil 7: Banned Footage DLC - 21 - Gameplay Walkthrough;xTGE
wO8eD7DmzkU;UCCV8Mj59PZkf3ON_U8q4n7g;Resident Evil 7 | DLC 2 Hijas | El Origen de los Baker | FINAL REAL;ElAnalistaDeBits
Gwslo4FQKWg;UCCV8Mj59PZkf3ON_U8q4n7g;Resident Evil 7 | DLC 2 Cumpleaños de Jack | A por comida! Gameplay;ElAnalistaDeBits
v2tHCX336KA;UCCV8Mj59PZkf3ON_U8q4n7g;Resident Evil 7 | DLC 2 Hijas | El Origen de los Baker | Final 1;ElAnalistaDeBits
YI7B3UhcM-M;UCoBS-YX2Hd9ZLtsPEd6Kdnw;Resident Evil 7 | Did Eveline Kill Jack Baker? | Examining The RE7 Green Dream;Where's Barry
TdZR3_U5vIo;UCTqn9kdbJA51YeqgBWLLJxw;??[Resident Evil 7:] Dicas - Como não morrer na sala do Bolo ?;Over Noob
jt7K_1VR7uM;UC1BIOZPjE3lYa2s3ZT1kYaA;NIIN LÄSKI ÄIJÄ! | Resident Evil 7 - Jakso 10;Lakko
5XgGGymB8I4;UCzuoOsn7_OA1WPoR0gNi3qQ;Resident Evil 7: DLC - ?????? (Nightmare): ?????? ??????????? (?????);Monstrum Gear
lkNrEwVTmlk;UCRH0ReHZQs0d50jh9VRh0CA;?????? ???? Resident Evil 7;Happy Wolf
rVxvNmt_J74;UCY8iijN1AkyDCh1Z9akcqUA;ETHAN DEVE MORRER (RESIDENT EVIL 7);funkyblackcat
nnEVLimmmMo;UC1BIOZPjE3lYa2s3ZT1kYaA;HYVÄÄ SYNTYMÄPÄIVÄÄ | Resident Evil 7 - Jakso 9;Lakko
4YTAaaafhg0;UCG0RYLzpSiwnT8HtTPmHkRw;Ayo Main Resident Evil 7! (2) - KELUARGA TEREDAN! (Jurus Teriakan 5 LELAKI!!);Gema Show Indo
Jw3mK_xSnrs;UCUnmE4hrEF__A6jE9G5uX8g;ON JOUE A RESIDENT EVIL 7 ENSEMBLE!;Nabil 'Aiekillu' Lahrech
LGpWbz3RB8o;UCFLARbB5JTlJU9sY2Vcev1Q;(18+) DAS SCHLECHTE ENDE | Resident Evil 7 (Ending) (Deutsch/German);Sev
oBcQijQc0do;UC1BIOZPjE3lYa2s3ZT1kYaA;KARMIVIN PAIKKA! | Resident Evil 7 - Jakso 8;Lakko
NKV19JyFCHM;UCrA2bqOHwjX1DxgP9CaVJzw;Resident Evil 7 is not for me : Episode none;Lenarr Young
5iDmN7h84BI;UCfyakRkY0B2E9H_I1iy32Kw;Resident Evil 7: Biohazard | Bedroom DLC | All Dialogue Choices;Inked Cat
j0kydmJ89_Q;UCBE2wmrMv9PkIYbCLAAcPiw;Resident Evil 7 La llave de la serpiente y las dos tarjetas roja y azul;CharmerPC Tutoriales
DMcu0ihk-gQ;UCYiGq8XF7YQD00x7wAd62Zg;¡FELIZ CUMPLEAÑOS A MI! | Resident Evil 7 - Parte 9;JuegaGerman
U4jWbIka1ts;UCYzp8-P162Em-3uZnCuGJOg;Veia Bem LOCA! - RESIDENT EVIL 7;Games EduUu
hGdgvIyBssk;UC33lqxChj2yKSoSjK6NWkZQ;RESIDENT EVIL 7 : CHOIX CRUCIAL | Episode 11;MrBboy45
vRIJWXG90SY;UCx8vbgWs666cAS7wsKos5sA;FREE MY FAMILY.. PLEASE! || Resident Evil 7 (Part 9);8-BitRyan
VaeFVb-fyvA;UChFzJ0bYwztKa4H4oF8fOvw;Resident Evil 7 - Jannine Weigel (????????) Part 2 [Speaking Thai];Jannine Weigel
Q3BHv2FQlz8;UC4peNo-31r7fhQZgu0_JRIA;Test Resident Evil 7 ce jeu de m****;Sheshounet
lpe5zFXHk3I;UCYU23o0h9qHa1pbdXtEhHpg;Resident Evil 7 Biohazard ????7 ??(MEGA);BigCracker????
87PycfFZJ64;UCcu_SCx4ZLyh6741RLjR6IA;DVOUHLAV?OVKA A PLAMENOMET! | Resident Evil 7 #5;Agraelovo Let's Play Šílenství
WKkDf3kBMEE;UCcy366nxLTQ_b3KUwf2206Q;Resident Evil 7 - Keeping The Chainsaw Past The Jack Baker Fight - Trainer Required - PC ONLY!;MOARPSYK
UpB-aa2Ycto;UC_qorG2gOvQ_R20t3VgE0Jw;Resident Evil 7: ??? ?????? (??????? ?????????);??????? ???????? ?? C-c-combo Breaker!
wEAUbvKvS8s;UCRp3C1PiI8DMPhHXVQiEoQA;LP - [Resident Evil 7] - [3-? ????];???? Gaming
4yWvcrvzDww;UCYJ61XIK64sp6ZFFS8sctxw;MAMA HAT DICH LIEB! ?? RESIDENT EVIL 7 #012;Gronkh
Kj7jNUZ098Y;UC1BIOZPjE3lYa2s3ZT1kYaA;PAHIN JUMPSCARE | Resident Evil 7 - Jakso 7;Lakko
hcW6RWWimdQ;UCJQnGkV2CVzFg-QEVgm4Q4w;Resident Evil 7 Todas as Moedas Antigas na Dificuldade HOSPÍCIO;Rockstar Trophy Hunter
VNXILfEzHp4;UCYiGq8XF7YQD00x7wAd62Zg;YA NO QUIERO SEGUIR JUGANDO... !!! | Resident Evil 7 - Parte 7;JuegaGerman
ad0DhHcHOR0;UCSBpMpQo4iKnzoGhUpS8sSw;RESIDENT EVIL 7 : Lets Play #1 [FACECAM] - DAS SCHLIMMSTE HORROR SPIEL !!;FeelGamingTV
HkVC1PjXwb8;UCYJ61XIK64sp6ZFFS8sctxw;Mia geht's nicht so gut! ?? RESIDENT EVIL 7 #011;Gronkh
G3_BZfIZEuI;UCb2e0ddz50K0aldWrkjcXNA;RESIDENT EVIL 7 | Capítulo 11 | FINAL | Se acabó !! SOY LIBRE !!;Gaming4GamersTV
eXbeaRmKMP0;UCc_gMV4N9vJtpy7GcMUHaVw;RESIDENT EVIL 7 #DLC: MÓN ?N KH?NG KHI?P NH?T QU? ??T;Tr?c Ti?p Game
YZLfXWOCYzw;UCkohUVfbbegHYmmv8MmwdWw;RESIDENT EVIL 7 - TROUVER LES 3 TÊTES DE CHIEN - PS4 PRO;JP GIROUX
t1jo0LtFAr0;UCdKuE7a2QZeHPhDntXVZ91w;? ????? ??? ?????? ??????????? ? Resident Evil 7: Banned Footage DLC #3;Kuplinov ? Play
S6Ycy6RkofI;UCvKcRMr2_wmejWIIMuVRGZA;Resident Evil 7 ?NCELEME - Paras?n? Hak Ediyor Mu?;Multiplayer
hjdNSHgZJQE;UCYiGq8XF7YQD00x7wAd62Zg;SIEMPRE JUGANDO CON MIS MAYORES MIEDOS :( | Resident Evil 7 - Parte 6;JuegaGerman
3Tyo8Vhk7E4;UCam8T03EOFBsNdR0thrFHdQ;RESIDENT EVIL 7- DLC BANNED FOOTAGE - MODO PESADILLA!!!!;VEGETTA777
Y9Mp5bZkRUo;UC2Dkdvw6-ladrHmWZNx2gRA;RESIDENT EVIL 7;Cellbit Jogando
64fXuCGCZgA;UCYzp8-P162Em-3uZnCuGJOg;Fura o Bucho do MONSTRO! - RESIDENT EVIL 7;Games EduUu
5rD9cdH4y9g;UCYJ61XIK64sp6ZFFS8sctxw;Fliegen fliegen dahin, wo es STINKT! ?? RESIDENT EVIL 7 #010;Gronkh
UEXIDidbTFs;UCVBuwnAxnK97iLF10nf_f_w;RESIDENT EVIL 7 BIOHAZARD | #7 O CARTÃO AZUL! (GAMEPLAY PS4 - 1080p60fps - PORTUGUÊS PT-BR);PELEGAMES - SÉRIES E TUTORIAIS DE FIFA
yiGttm-Vy1I;UCsB0nebIQJ2LOphIT_IjTIQ;RESIDENT EVIL 7 - VERSTECKEN mit MUTTI;Herr Currywurst
4GW9fRwYIzI;UCrt_PUTF9LdJyuDfXweHwuQ;Resident Evil VII - Chroniques de Monsieur Plouf #92;Monsieur Plouf
O-pjhof8Auo;UCb2e0ddz50K0aldWrkjcXNA;RESIDENT EVIL 7 | Capítulo 10 | El Maldito Titanic versión cutre;Gaming4GamersTV
3NLDvh4P_nk;UC5jVwwfgN67x52H9cJWJt4g;Resident Evil 7 Rettung Zoe - Was ist anders? Alle anderen Spielszenen ? Resident Evil 7 Biohazard;MPLiquid
2Um50Xka7n0;UCqwoHjwau6Js8wOq6LSmCxQ;Resident Evil 7 - Das Horrorhaus | Let's Play Resident Evil 7;Sarazar
tMrWDVfncgM;UCc_gMV4N9vJtpy7GcMUHaVw;RESIDENT EVIL 7 #K?T THÚC: TRÙM CU?I ?ÂY R?I !!!;Tr?c Ti?p Game
aqNA2lW4CWQ;UCcu_SCx4ZLyh6741RLjR6IA;TOHLE BUDE BOLET! | Resident Evil 7 #1;Agraelovo Let's Play Šílenství
cw0cr2vE_-o;UCVaU3uoQCEkAcritA8c-3Jw;Nyt pelottaa oikeesti!! ft. mmiisas - Resident Evil 7:Biohazard part 7;TOMAS
KjiiXAINbII;UCUUr2cKFvnh-o_VGFBoccTA;Resident Evil 7 Tutti i Collezionabili (Monete Antiche, Mr. Everywhere, Documenti e Videocassette);NetPuma
8RwBWSLqHZk;UCPuMRUCqE7pdcfLj9gbC-Mg;Resident Evil 7 Albert 01R extra weapon;BiohazardGeek
MZxCS81uyWs;UCNBFVRMaGirbTYYhnp6CWXA;Resident Evil 7 | NUEVO DLC Ethan Must Die (Ethan debe morir) | Historia Completa;Theslayer360
uMg_gMHbP4M;UCYiGq8XF7YQD00x7wAd62Zg;GUERRA DE MOTOSIERRAS | Resident Evil 7 - Parte 5;JuegaGerman
IHyv3Xkh73I;UCJ8GQ_SNb-33m_BluT4TTlw;Resident Evil 7 - MODO PESADELO, EU SOBREVIVI A NOITE DO INFERNO! / Gravações Proibidas Vol.1;MaxMRM GAMEPLAY
miQyAJ5--8c;UCutxBsHkawd5e_0rsWNYHpw;KREISCHEN WIE KLEINE MÄDCHEN | RESIDENT EVIL 7 VR;Lusor Koeffizient
z_05Jcez6po;UC7xYS30lwFpT6mr07Qz6zRw;"Resident Evil 7: Biohazard | En Español | Capitulo 10 ""Con pies de plomo""";RicharBetaCode
e37eQkwA3-Q;UCx8vbgWs666cAS7wsKos5sA;WHAT THE HECK HAPPENED TO HIM!? || Resident Evil 7 (Part 7);8-BitRyan
rV7_I_cg6n8;UCI0LNmSlhS-H9mGNPWM8gzQ;RESIDENT EVIL 7 : La chambre infernale - DLC #1;At0mium
WjvanpAhpb0;UCdKuE7a2QZeHPhDntXVZ91w;??????? ????? ? ???? ? Resident Evil 7: Banned Footage DLC #1;Kuplinov ? Play
zTTOMir4SOA;UC3n6TYf313VJkq_TK9GxUmw;Joguei Resident Evil 7 e QUASE MORRI DE SUSTO #1;Gellones
dKO6Lut9Cv0;UCQHFE06Vyhfc8DIAz1jXjUg;Resident Evil 7 : Julo fait sa toute première partie en VR... et finit en PLS [L'INTÉGRALE];Gameblog
sGo10y5y8Uo;UCY8iijN1AkyDCh1Z9akcqUA;RESIDENT EVIL 7 - ESCAPE do QUARTO! (DLC Banned Footage Vol. 1);funkyblackcat
eEqeu_gGlNA;UCck1Wrv-6h44db16OL4geOQ;Resident Evil 7: Biohazard | LA STANZA - Filmati Confidenziali  [PS4 PRO];GaBBoDSQ
PiPPZIxwwH4;UCNIz_V-0UAWaR4HYxN7UYDw;GRAŽ?S DANTYS! - Resident Evil 7: Biohazard #1;V?jas
tjxJ1wNsoSk;UCvzPEujm2erMT7A18sH7RqQ;Resident Evil 7: Biohazard - PS4 Pro Equivalent Graphics Settings | PC GTX 970;AnalogFoundry
XNH6G4rpj2E;UCdOSjTCIJSsAAsMug6q8_Rg;Resident Evil 7 ????????? ?? ?????? ??, ?????? ????;????? rempc by
cXiNrmGwG_E;UCFBcrywVNeUOqtJgGhPEvQg;?? ??? ?? ????????! (DLC) - Resident Evil 7;TheBrainDit
cueOjS5He9g;UCuVIWETFdxzwlHEHMbhm2_w;Resident Evil 7 Banned Footage Vol.1 : A Primeira Meia Hora (DLC);Zangado
BgUvHdAKzdU;UCKLkW1hXwv9603DsBw-s_vA;Már közel a vég | Resident Evil 7;BTURBO
MCGKwMZl7vU;UCNBFVRMaGirbTYYhnp6CWXA;Resident Evil 7 | NUEVO DLC Bedroom (El Dormitorio) | Historia Completa;Theslayer360
Riw_N3jVXJs;UCJ8GQ_SNb-33m_BluT4TTlw;Resident Evil 7 - DLC GRAVAÇÃO PROIBIDA VOL. 1 ( O Quarto ) PUZZLE IRADO!;MaxMRM GAMEPLAY
MFreUQuMhyY;UCKmlxQVs0vHtaLldRIQ8lsA;RESIDENT EVIL 7: EL GRAN FINAL - #7;iTownGamePlay - Tu canal para ser feliz
MAnWPVWxxwM;UCUGkSxaVP_65NyK8fUqPRIg;[ F?NAL ] ?Y? VE KÖTÜ SON | RESIDENT EVIL 7 TÜRKÇE BÖLÜM 12;Easter GamersTv
BwRorOlTruE;UC1BIOZPjE3lYa2s3ZT1kYaA;VAIKEIN KOHTA TÄHÄN MENNESSÄ | Resident Evil 7 - Jakso 5;Lakko
EwXyYvj55pk;UCUGkSxaVP_65NyK8fUqPRIg;B?R KAPI KAPANIR D??ER? AÇILIR ! | RESIDENT EVIL 7 TÜRKÇE BÖLÜM 11;Easter GamersTv
tPI1DI_o0iI;UCG0HA4uyuuzPzeq_US_ywVg;EFSANE F?NAL (Resident Evil 7 Biohazard);Enes Batur
qQvntBKSooc;UC5S0zPiz9-zZJ6WTV3YfE9w;Alternatives Ende – Zoe heilen – RESIDENT EVIL 7 Gameplay German Part 18 – Lets Play RE VII Deutsch;Dave Gaming
k6Sai7V5olM;UCsB0LwkHPWyjfZ-JwvtwEXw;Let's Watch - Resident Evil 7: Biohazard Part 3;Achievement Hunter
7mS4194Ow18;UCYufxNN4JYBVQ7zL1Khb7sQ;A V(é)R kötelez - Resident Evil 7 | Bemutató;Otherworld
zseOCYs0GVo;UCjgirfp1BeeM98AxxyKXolA;Resident Evil 7: Biohazard [PS4/PSVR/XBO/PC] -- recenzja;arhn.eu
1nIChY1DcGc;UC_eA572lBzVkpXhoeWnqSKQ;RESIDENT EVIL 7: BELLO PERÒ VAFFANC...;Quei Due Sul Server
JSkjgzfKO1k;UCDVeHl7-fRTO7vH9bFc3emg;Pelataan Resident Evil 7 | JUOKSE HENKESI EDESTÄ!! #1;Paqpa
yiLw7fBvGW8;UCQBEHg0j6baNS1Lya-L4BJw;????? ???????? ?%#@! ? Resident Evil 7: ??????? [Banned Footage DLC];BlackSilverUFA
BVMZiAG81yM;UCHtehvb3p55uRCQBDCwF-ow;ISTRI KESUURUPAAANN!! - RESIDENT EVIL 7 #1;Erpan1140
WcesbkEWNAU;UCQ7ZcQSfCiY0EJL8ZdbZ3Hw;RESIDENT EVIL 7 W/ MY BOYFRIEND!! (Part 2);Samara Redway
uDwhXNni6Bo;UCPamLUUnPCCUC4RFfkuZe4g;Resident Evil 7 biohazard #3 G?owy psów, Klucz skorpiona, Strzelba i walka w kostnicy;DamianooTV
FdnfdL7nPhU;UC7xYS30lwFpT6mr07Qz6zRw;"Resident Evil 7: Biohazard | En Español | Capitulo 8 ""El cuarto de los niños""";RicharBetaCode
UzSlv0YnZWw;UCYJ61XIK64sp6ZFFS8sctxw;Bewegungstraum vorm ZERLEGUNGSRAUM ?? RESIDENT EVIL 7 #007;Gronkh
3vs7QhqsLBU;UCB96MmC7nKgxkCKdXmfhVRw;RESIDENT EVIL 7 #1 - O INÍCIO DE VÁRIOS INFARTOS...;Montalvaao
2UjWEmYp1uE;UCHrYAEulb1A6bPQ5tRkaFuw;This Is How You DON'T Play Resident Evil 7 Part 1;Bugged DSP Mechanics
78rn8EY7x98;UCdKuE7a2QZeHPhDntXVZ91w;????? ? Resident Evil 7: Biohazard #10;Kuplinov ? Play
lRW-vWqosyY;UCVaU3uoQCEkAcritA8c-3Jw;Moottorisahamurhaaja ft. mmiisas - Resident Evil 7: Biohazard part 4;TOMAS
Qrw2iqNBOFE;UCXin0u5SrVEBjn5LhOoG97A;H?LE YAPTIK! | Resident Evil 7 Bölüm 10;Enis Kirazoglu
daIWPiN1JLc;UCBcxJDhzD5N2wl7L8etoflw;Resident Evil 7 - Testing Area: Ethan Party Room Puzzle Sequence, Lucas Baker's Monitor Room;Video Games Source
keURvMylBZg;UCYJ61XIK64sp6ZFFS8sctxw;RAUCHERLUNGEN greifen an!! ?? RESIDENT EVIL 7 #006;Gronkh
xgCpckETsd8;UC0VOn94YirhcxWMgp-0O_Lw;RESIDENT EVIL 7: Biohazard · CIRCULAR SAW (Unlockable Secret Weapon);?XCV//?
gK36HgZEN60;UCDZsyOkn-WTiTwgAvZSQ_cg;RESIDENT EVIL 7 FINAL VERDADERO | No adivinaréis el Final Boss... ¡Sorpresón!;El Rincón De Giorgio
ftXncIjT_Q4;UCE3qZH8ltYwmQDmm5uinPXw;RESIDENT EVIL 7 RAP | ZARCORT;ZarcortGame
JjqtHKW-FRk;UC_c01No6K3fhgPafCUzEf6w;Resident Evil 7 #2 D?láte si prdel?!;FattyPillowTV
vngXrVmXtzI;UCRNCUBq676nUhXyy8AJzD5w;[Vinesauce] Joel - Spooky Saturday: Resident Evil 7 ( Part 1 );Vargskelethor Uncut: Full Joel Streams
hdOLqgcHBTc;UC_Ht6x7QpX3waNSLuXQ5ugw;EXPLICACION DE LA HISTORIA | RESIDENT EVIL 7 | SPOILER ALERT;octamm gaming
VBI0qE6Yzks;UCdKuE7a2QZeHPhDntXVZ91w;?????? ?????? ?????? ? Resident Evil 7: Biohazard #9;Kuplinov ? Play
e8HjWizWtUY;UC28NhCvMistzR3YxZ9TqSEQ;RESIDENT EVIL 7 EM REALIDADE VIRTUAL É DE MATAR! #01 - PS4 PRO + PS VR;Bruno Correa
8w94glP-nBc;UCdRx6BjmUwdP7pfGIYPRHaQ;PUZZLES INGENIOSOS - Resident Evil 7 - EP 7;alexelcapo
dPlrxa1SQ1o;UCJ3xh09n4he5R5-2lP1IuMg;RESIDENT EVIL 7 Flame Thrower - BURNER;Fast Games Solutions
NV_XXHmyBIs;UCSdtOdKUutiZUcFNqNwRQjg;Resident Evil 7 | The Boat House | Madhouse Walkthrough Playthrough [Jack Baker Eye Monster Fight];PersNikity
4-CyrgXqu6g;UCBJ4RpQPQutOnWcqiooL9eQ;ISIONGELMIA (Resident Evil 7);LaeppaVika
_xPklMpVN_g;UCKj3X0Q5R9h_LILoP_LAJ3A;RESIDENT EVIL 7 biohazard - GLITCH off of map;Joshvictus
Vi7qVqUuQYY;UCGfDshW8jPkjAmh1P38tGDQ;Resident Evil 7 Dificultad MANICOMIO | Parte 1 en Español | Campaña Completa;rameCadenas
RA4xriHfs_I;UCY8iijN1AkyDCh1Z9akcqUA;RESIDENT EVIL 7 - #15: FINAL - História INCRÍVEL!!;funkyblackcat
DQSYTZb8bEY;UCpIKyI7QGpbR-AUudtNWj4A;RESIDENT EVIL 7 - A HISTÓRIA DE EVELINE! (ORIGEM, CURIOSIDADES);Universo Paralelo
rO3U6knXYuw;UCam8T03EOFBsNdR0thrFHdQ;RESIDENT EVIL 7 - NIÑA MISTERIOSA #5;VEGETTA777
NZmBV2Rgw_w;UCYJ61XIK64sp6ZFFS8sctxw;GYROSMANN ist BÖÖÖSE! ?? RESIDENT EVIL 7 #005;Gronkh
KVJV3iCTDac;UC7xYS30lwFpT6mr07Qz6zRw;"Resident Evil 7: Biohazard | En Español | Capitulo 6 ""La casa junto al agua""";RicharBetaCode
78wcC24_ph4;UCb2e0ddz50K0aldWrkjcXNA;RESIDENT EVIL 7 | Capítulo 5 | SEGUNDO BOSS... Más fea y no nace...;Gaming4GamersTV
hYCRIqtpGUg;UC_c01No6K3fhgPafCUzEf6w;Resident Evil 7 #1 Zesrali jsme se všichni!;FattyPillowTV
YJK1-WrkTd8;UCc_gMV4N9vJtpy7GcMUHaVw;RESIDENT EVIL 7 #4: BÀ THA CHO CHÁU, CHÁU CH?A R?I !!!;Tr?c Ti?p Game
9tfaCe2kOuU;UCI0LNmSlhS-H9mGNPWM8gzQ;RESIDENT EVIL 7 : L'ultime défi - LET'S PLAY FR #7;At0mium
VYY3l4WRdi4;UCsB0LwkHPWyjfZ-JwvtwEXw;Let's Watch - Resident Evil 7: Biohazard Part 2;Achievement Hunter
chlgsZy9kgY;UCYLtdpKKvlzXe4ifcBU3cjw;SOS RE LINDA, PERO MORITE - RESIDENT EVIL 7 #1;LMDShow
_GkdEOGefKw;UCxkW3r7teHDhlXnUvrBf_KA;Segunda planta de la casa vieja | RESIDENT EVIL 7 biohazard (VR);DigitalWar
vFl97mnf5rs;UC7UUrKshr-x0a5rqa4qxzrQ;"RESIDENT EVIL 7 - É POSSIVEL SALVAR O ""AMIGO"" DO LUCAS? Puzzle Feliz Aniversario";SINXPLAYSBR
jRCWZcJXRBA;UCY8iijN1AkyDCh1Z9akcqUA;RESIDENT EVIL 7 - #13: Revelações no Navio Fantasma;funkyblackcat
hROC8wXkd7I;UC7I9vRncx1-vox41l1A0ACQ;RESIDENT EVIL 7 #7 | LIMPEI A CAVE MAS NÃO ACABOU  (PS4 Pro);RicFazeres
SRaBNlT1QIk;UC1BIOZPjE3lYa2s3ZT1kYaA;TERVETULOA PERHEESEEN | Resident Evil 7 - Jakso 2;Lakko
V482rxxVXpU;UC2Fd1x98mXZ_TqUyXxqv4Wg;RESIDENT EVIL 7 (Madhouse) Defeating 2 Fat Molded Infected;Joey Mac
CNaDMg7DPto;UCGI2ppgYx4i3nwHMl8eGnBQ;RESIDENT EVIL VII w/ Josh and Can;JustKiddingGamer
EbYg_srRH_4;UCkXzQ_CnSfD2T577RwdcOVw;¿Qué pasa si salvas a Zoe en RESIDENT EVIL 7? (BONUS);Jano Juega
WUCO-UTrqwM;UCvBsIqm0tKrrcqs6MviGLDw;Resident Evil 7 Get the Fuse to Open 1F Door on Ship;TheGamesEntertainer
Gh878yNDR8A;UCp63hPajo9Z7EEFpN9JYuMA;El Nuevo Monstruo del Sótano! - Resident Evil 7 BIOHAZARD #4;Xodaaaa
w6if6_uw6rM;UCYiGq8XF7YQD00x7wAd62Zg;TENGO QUE JUGARLO TODO DE NUEVO??!! | Resident Evil 7 - Parte 4;JuegaGerman
eDT5S73ICk8;UCam8T03EOFBsNdR0thrFHdQ;RESIDENT EVIL 7 - MADRE LOCA! #4;VEGETTA777
MN841tqXmQU;UCIwspRtKNszHhIhl36gREjQ;O VERDADEIRO CULPADO! - RESIDENT EVIL 7 - Parte 9 / FINAL;ElectronicDesireGE
Iiv4YUrxEq8;UCUGkSxaVP_65NyK8fUqPRIg;EVELINE ÇILDIRDI ! | RESIDENT EVIL 7 TÜRKÇE BÖLÜM 9;Easter GamersTv
hVgaPb5lHck;UCG8eSYvOQUpb9HM8zU5d6xg;REACCIONANDO AL NUEVO RESIDENT EVIL 7 !! - RobleisIUTU;RobleisIUTU
A8rq4LfZqaY;UCb2e0ddz50K0aldWrkjcXNA;RESIDENT EVIL 7 | Capítulo 4 | SOY UN HOMBRE DURO Y VALIENTE!! :3;Gaming4GamersTV
4mKAC1u5X50;UCD94IYXQINu04R0KxOrhEzA;COUPÉ EN DEUX ! | Resident Evil 7 - Partie 3;CBGames
AIeKc2_A-r4;UC7I9vRncx1-vox41l1A0ACQ;RESIDENT EVIL 7 #6 | DETESTO CAVES... SALA DE DISSECAÇÃO  (PS4 Pro);RicFazeres
#NAME?;UC_qorG2gOvQ_R20t3VgE0Jw;Resident Evil 7: ????? ? ???????;??????? ???????? ?? C-c-combo Breaker!
3dOmqmhh-6g;UCDZsyOkn-WTiTwgAvZSQ_cg;CÓMO MATAR AL PADRE DE LA FAMILIA PARA SIEMPRE | Resident Evil 7 #4 (Sin Censura);El Rincón De Giorgio
HyoRUFox-uA;UCc_gMV4N9vJtpy7GcMUHaVw;RESIDENT EVIL 7 #3: G?P L?I V? YÊU, EM ?I C?U ANH;Tr?c Ti?p Game
8xoe1Cs_DwM;UCI0LNmSlhS-H9mGNPWM8gzQ;RESIDENT EVIL 7 : Le serum - LET'S PLAY FR #6;At0mium
5MprO7-IMLQ;UCBVaCJPkMzFy1qQ6HcfGkbw;Resident Evil 7: Biohazard - Ep. 7 - We're Outside! To The Old House!;vikingsman18
POLUecBVbzs;UCadDSThJCmOmKiyRzh6UNHQ;Resident Evil 7 Biohazard - Keycard Locations;ToInfinityGaming
ZIJYXe1wYpw;UCW8mOodMp7KuCBTKHP9mnpA;???? ???? ???? | Resident Evil 7 : Biohazard PART1;M3KKY
1TGMwcuJXwk;UCI4Wh0EQPjGx2jJLjmTsFBQ;VR RESIDENT EVIL 7 - Worst Girlfriend Ever;Node
2ACLD-GbBqI;UCUGkSxaVP_65NyK8fUqPRIg;LANETL? KIZ EVELINE ! | RESIDENT EVIL 7 TÜRKÇE BÖLÜM 8;Easter GamersTv
rGKuJAg6isg;UC1BIOZPjE3lYa2s3ZT1kYaA;KAUHUN HETKET ALKAA | Resident Evil 7 - Jakso 1;Lakko
aG31MeAPGrQ;UCIwspRtKNszHhIhl36gREjQ;UMA ESCOLHA DIFÍCIL! - RESIDENT EVIL 7 - Parte 7;ElectronicDesireGE
Wsdyo8EgwfU;UCUVHBFQPESSckeAQYzvvYrA;??????? ?????? ? ???????? ?? ????? VR ? Resident Evil 7: Biohazard;?????
1PoN9qcL2_g;UCf31Gf5nCU8J6eUlr7QSU0w;Resident Evil 7  - ??????? ?????????;Mr. Marmok
5E7FVmbobqc;UCY-aY6fAqJauPWfxZ7HTZig;?? ??? ?????????? ??????????! (Resident Evil 7);2J Games
TBSPM_Bq2yg;UC7I9vRncx1-vox41l1A0ACQ;RESIDENT EVIL 7 #5 | ESTE VELHADAS AINDA ESTÁ VIVO??? (PS4 Pro);RicFazeres
KmV8xoRf_bg;UCvBsIqm0tKrrcqs6MviGLDw;Resident Evil 7 Get Lucas Gate Passcode;TheGamesEntertainer
hakYuuo_MUE;UCBJ4RpQPQutOnWcqiooL9eQ;MÄMMIHIRVIÖT (Resident Evil 7);LaeppaVika
3ZLjrF9Tthc;UC1O5OGsZR7pezVvKn2dWxPA;Udah Pusing, Di kejar Monster pula! - Resident Evil 7 Indonesia #4;PokoPow
v8-f8u37kIk;UCt9p6L0XcEYPxT8RwqsC-MA;Crank Location + Crow Key Location - Resident Evil 7 (RE7);PunchNshoot
pERcF4p3318;UCFBcrywVNeUOqtJgGhPEvQg;????????? ????! (??????? ?????) - Resident Evil 7 #10;TheBrainDit
7vJf3r9z7f4;UCNBFVRMaGirbTYYhnp6CWXA;Resident Evil 7 | Capítulo 7 | Historia Completa;Theslayer360
KrxoQ6ShuJo;UCRdYY2I7E2rkz7vL6ItofMA;Jugando Resident Evil 7 con Paco Maya;Permítanme Ser Franco
oKvHsphUZFU;UCYJ61XIK64sp6ZFFS8sctxw;DER VADDA macht 'ne SPRITZTOUR! ?? RESIDENT EVIL 7 #003;Gronkh
zT6SGlAdv-o;UCUGkSxaVP_65NyK8fUqPRIg;KABUSLAR EV? ! | RESIDENT EVIL 7 TÜRKÇE BÖLÜM 7;Easter GamersTv
bLgunH1D_r4;UC7xYS30lwFpT6mr07Qz6zRw;"Resident Evil 7: Biohazard | En Español | Capitulo 4 ""Holomorfos""";RicharBetaCode
XcwXBFQc0cQ;UCyvBkE9TvJ4nHTgh3eXTbWA;"RESIDENT EVIL 7 (Hindi) Walkthrough Part 2 ""BAKER FAMILY"" (PS4 Gameplay)";HemanT_T
GBz7EX0UhkI;UCb2e0ddz50K0aldWrkjcXNA;RESIDENT EVIL 7 | Capítulo 3 | Tengo que ir a terapia por vuestra culpa;Gaming4GamersTV
UQ6amn6bWYQ;UC_qorG2gOvQ_R20t3VgE0Jw;Resident Evil 7: ????? ????? ?????????? ??????;??????? ???????? ?? C-c-combo Breaker!
kLSHGAhNtik;UCI1XuJTkG4ka91Esi4JhFkw;Resident Evil 7 végigjátszás magyar kommentárral 1.rész - Sewer Gators;Senshi
-9OW5bWlq4Y;UCUGkSxaVP_65NyK8fUqPRIg;LUCAS'IN ÖLÜMCÜL PART?S? ! | RESIDENT EVIL 7 TÜRKÇE BÖLÜM 6;Easter GamersTv
sFqOQJz1gMc;UCIwspRtKNszHhIhl36gREjQ;QUEIMA ELA COM FOGO! - RESIDENT EVIL 7 - Parte 5;ElectronicDesireGE
GCWcJz1_Lp8;UCo0U1tbk3YbqiLDhkeWOviQ;Resident Evil 7 - Ep.1 : Le Retour De Castellanos !!! Let's Play par Bob Lennon PC FR;FantaBobGames
1Y1HYadbGAA;UCdKuE7a2QZeHPhDntXVZ91w;???? ?? ??????? ? Resident Evil 7: Biohazard #4;Kuplinov ? Play
K34mS1LSWb8;UC7UUrKshr-x0a5rqa4qxzrQ;RESIDENT EVIL 7 -  FINAL 2 Em português Final Ruim;SINXPLAYSBR
5WDQmkbOrNA;UCeKXymg6S6Pt4EjjOlA759w;RESIDENT EVIL 7 #1: VRy GOOD!!! - I PARCO GIOCHI feat. Favijtv;I PARCO GIOCHI
4wmSzwZrrxM;UCck1Wrv-6h44db16OL4geOQ;Resident Evil 7: Biohazard | BUON COMPLEANNO - Let's Play/Walkthrough EP#7 [PS4 Pro];GaBBoDSQ
deYtH2KBXTw;UC7I9vRncx1-vox41l1A0ACQ;RESIDENT EVIL 7 #3 | À MESA COM A FAMÍLIA CANIBAL (PS4 Pro);RicFazeres
Qfokdb31EJY;UC3oU0ZrnZfvXAUNeKEOFuKw;Resident Evil 7 Walkthrough : Part 3 : Into The Basement (1080p 60fps);Barricade2091
glKre7XqPJo;UC_qorG2gOvQ_R20t3VgE0Jw;Resident Evil 7: ??????????? ?????? (??? ??? ???);??????? ???????? ?? C-c-combo Breaker!
8LOASRON76c;UCn-rbCboOCthOngsR6CqRtw;Resident Evil 7 Walkthrough Part  14 - Using The Lantern And Creepfest;Gritty Urban Saga
wk9_l0xNI2A;UC4ik7iSQI1DZVqL18t-Tffw;Jerma Streams - Resident Evil 7: Biohazard;Ster/Jerma Stream Archive
p2RmTvCKrp0;UCt9p6L0XcEYPxT8RwqsC-MA;Scorpion Key Location - Resident Evil 7 (RE7);PunchNshoot
djdJiZBE53Q;UCn-rbCboOCthOngsR6CqRtw;Resident Evil 7 Walkthrough Part  8 - Jack Chainsaw BOSS FIGHT;Gritty Urban Saga
wCF9QwVJlhs;UCKMDuwPLGjt-nGHgNPOk5PQ;Resident Evil 7 Biohazard Walkthrough Part 1 - WHOOAAA! I'M DONE! (Black Guy Plays RE7 Biohazard));iMAVERIQ
OIaSvJIzMxk;UCNBFVRMaGirbTYYhnp6CWXA;Resident Evil 7 | Capítulo 5 | Historia Completa;Theslayer360
glL5MwTKgHY;UC9-yZ4onOC6uAZDdEd9FbuQ;RESIDENT EVIL 7 garage;Roof1975
6GTSHuae8L8;UCGAQFQoZNIFUnQQuA-Llu9A;Resident Evil 7: Biohazard playthrough pt28 - Into the Salt Mines: MAJOR Plot Exposition Time!;DSPGaming
oLVLAu5tnOM;UCYiGq8XF7YQD00x7wAd62Zg;ME VOLVÍ COMPLETAMENTE LOCA | Resident Evil 7 - Parte 2;JuegaGerman
o4MVkTyIB8s;UCsEE0EKsQYztPDIH-BrDH8A;Resident Evil 7 Biohazard - Blue Key Card - R7 Walkthrough Part 4;OpsCreeDGames
7Uq8v5zMDGA;UC2lJPgRa6PeDNLUqlCCmDAQ;RESIDENT EVIL 7 Gameplay Walkthrough Part 11 - THE KID! (RE7 PS4 Gameplay);MathChief - Gameplay & Trailers!
FxwdiAM9rn0;UC7UUrKshr-x0a5rqa4qxzrQ;RESIDENT EVIL 7 - #12 - FINAL!!! ELE VOLTOU!?!?!   [LEGENDADO EM PORTUGUÊS;SINXPLAYSBR
uB5DKryKRfk;UCYzp8-P162Em-3uZnCuGJOg;Crakuda Insana! - RESIDENT EVIL 7;Games EduUu
NYkbINO2bWE;UChYQ1Xtus4Od0h8LaKTe6vw;Resident Evil 7 Ethan Happy Birthday;SEPHIROTHJOSE
dTJlhZXR7HQ;UCSHSIx0CttXzzuT3YLVZC7Q;É MAIS ASSUSTADOR DO QUE EU PENSAVA! / Resident Evil 7;wuant
#NAME?;UCIwspRtKNszHhIhl36gREjQ;A VELHA DOS INSETOS! - RESIDENT EVIL 7 - Parte 4;ElectronicDesireGE
8Pl5BdgpQeM;UC7xYS30lwFpT6mr07Qz6zRw;"Resident Evil 7: Biohazard | En Español | Capitulo 3 ""Cara a cara""";RicharBetaCode
Zf4SJQhEWkM;UCYJ61XIK64sp6ZFFS8sctxw;DINNER FOR ONE ?? RESIDENT EVIL 7 #002;Gronkh
YZ3yqqWxAVI;UCb2e0ddz50K0aldWrkjcXNA;RESIDENT EVIL 7 | Capítulo 2 | Me cago en vuestra vida;Gaming4GamersTV
qP1hh6A7lR8;UCqIeOJ3gXlkIqv4ntL0X4BQ;RESIDENT EVIL 7 - LA CASA VIEJA #5 - GAMEPLAY ESPAÑOL;GENuINE993
9f0p5yAXLdY;UCLq35g_MyAFUqd1xdkxN5kg;Welcome to the Family Son | Resident Evil 7 Parte 1 |;MYM ALK4PON3
9OWXpYRpNp8;UCIEcAhxRvKH6RxBMKtKp-jQ;Resident Evil 7: Biohazard - Gameplay Español - Capitulo 1 - Bienvenido a Casa, Chico;ValbuenaGames
mqBWTowjFD0;UCDZsyOkn-WTiTwgAvZSQ_cg;20 MINUTOS DE GORE EXTREMO. ¿PODRÁS AGUANTARLO? | Resident Evil 7 #2;El Rincón De Giorgio
_PAKSktfkrA;UCNrlcowxf6LF0J0rORwY4Nw;RESIDENT EVIL 7 how to get the 44 magnum;PP Playstation Player
LNbprKbxrRs;UC3VEGA6pJKPsPAHyB3n5BNQ;ATTENZIONE: GIOCO PIU' SPAVENTOSO DI SEMPRE!!! (RESIDENT EVIL 7);Gabby16bit
OBVXrjWlO6M;UCbIa2wKzCfoTCF0qaNFEq-Q;RESIDENT EVIL 7 #1: Welcome to the Family Ethan;TheMFW
w80nzdhsJ9A;UCH8QQPcgI-WcmzMZ6P5B-Gg;RESIDENT EVIL 7 #3| COMO ABRIR LA TRAMPILLA PARA ESCONDERSE DEL PADRE | GUIA COMPLETA PASO A PASO;ZomBo Land GamePlay
Zl0SapmU9xk;UCJxfAl2ku2T4NxFpWNCcrpw;?????? Resident Evil 7 ????? ?????? - ??? ????? ?? ????;???
CqeIEw3cN6o;UC3oU0ZrnZfvXAUNeKEOFuKw;Resident Evil 7 Walkthrough : Part 2 : SUPPER TIME!!! (1080p 60fps);Barricade2091
mLyYnToX1dw;UCj1HrUIKkLwUD5uvHUZAywA;En Psikopat Korku Oyunu - Resident Evil 7!;Oyun Delisi
PRkpubALyJE;UCUGkSxaVP_65NyK8fUqPRIg;EV?N ACIMASIZ ANNES? ! | RESIDENT EVIL 7 TÜRKÇE BÖLÜM 5;Easter GamersTv
qSGvC8xJMrY;UCIwspRtKNszHhIhl36gREjQ;O MASSACRE DA SERRA ELÉTRICA! - RESIDENT EVIL 7 - Parte 3;ElectronicDesireGE
v9v_V1RHU2Q;UC2lJPgRa6PeDNLUqlCCmDAQ;RESIDENT EVIL 7 Gameplay Walkthrough Part 8 - HAPPY BIRTHDAY! (RE7 PS4 Gameplay);MathChief - Gameplay & Trailers!
1YkL1K8p9i4;UCZBY6V8Lxmwu8gGRBOyO11w;DADDY DOESN'T WANT IT WITH PAPI | Resident Evil 7 [Part 2];Kubz Scouts
i-eq2m5hRgA;UClEQXLhTjlHIWkQNx_hj7Cg;Resident Evil 7 FIN: [FR] Les 2 FIN Alternative;Fredericma45
mylr1AX_1B0;UCfvVRpFUV_8a6h-I4TjffKA;Descargar Resident Evil 7 Biohazard 2.0 GRATIS para pc en ESPAÑOL || CRACK A LA ESPERA;TryKevinHard 2.0
tLhFOD50768;UCk2vIsz3t9jJz_OffMB4y8Q;Let's Try Resident Evil VII Quiero El Divorcio;RanguGamer
fJhu1-j8NN4;UCZa8KMbKm99WGArKO2TNwFg;Resident Evil 7 Let's Play LIVE #1 Les Cris Virils de la Brioche;Superbrioche666
_FuOKoMosrs;UCrpWCVp9FuGA8OnGtA0rgsw;A LEGVRABB HORROR EVÖR | Resident Evil VII #2;TheVR
T-yOH-18mOA;UCUGkSxaVP_65NyK8fUqPRIg;BANA B?R MASAL ANLAT BABA ! | RESIDENT EVIL 7 TÜRKÇE BÖLÜM 4;Easter GamersTv
sS1I9XYmmAk;UCOYxetieucGqN2PUkoKC-Ag;RESIDENT EVIL 7 #01 | Je flippe en live !;Frigiel
r1dlyhlpqLU;UCdRx6BjmUwdP7pfGIYPRHaQ;EL PRIMER BOSS - Resident Evil 7 - EP3;alexelcapo
7jGKyKUsO-k;UC7A4aaZyn6T0mERWZIkdpPA;Resident Evil 7 Get to Old House Save Point Get Burner Grip;ENM Gaming
49W4mnKJqu0;UC7UUrKshr-x0a5rqa4qxzrQ;RESIDENT EVIL 7 - #8 - FESTINHA MUITO LOUCA!!   [LEGENDADO EM PORTUGUÊS;SINXPLAYSBR
nUxVR3B_Ggk;UCyZPowdAaY-rOf0_S7RBlrA;?? RESIDENT EVIL 7 ™ - JOGO COMPLETO - FINAL BOM;? VictorKratos ?
RC2lKhjzTow;UCvBsIqm0tKrrcqs6MviGLDw;Resident Evil 7 Get Burner Nozzle Make Flame Thrower;TheGamesEntertainer
ZvHdXiKhp0s;UCBkU9fZdktINJVf7ieSwGFQ;How to Kill Daddy | Resident Evil 7 | Part 3;Adam Campbell
VgpUMm0lum0;UCCC3dmyk6DAJsP9zDaDth6Q;Resident Evil 7 — ???????? ???????;OfficialGamesMailRu
U2x68IHcQT8;UCS1i9Q9g_ZyzxqZDLZVf0CA;Resident Evil 7 - 07 Explore the yard - You ain't getting away;Tomoch
CGCSEoKXin8;UCGH4Wx-WL10iB4ZAdewkuDw;Resident Evil 7 Completo! Venha ver a gente fechar o game em 9 horas;Adrenaline
K_C7aVsJjr8;UCCbfB3cQtkEAiKfdRQnfQvw;Scary Game Squad: Resident Evil 7 [Part 2] - Mommy Dearest;Jesse Cox
Y5YIrpr7cS4;UCFBcrywVNeUOqtJgGhPEvQg;??????? ?????? ??????! - Resident Evil 7 #4;TheBrainDit
XWZWCNc7zL8;UCZBneXDBkRa1alb03n29Oag;Resident Evil 7 - All Inventory Space Upgrade Locations;GamerForEternity
k2LAsKQAIXM;UCyfG7-7lPhf6EIC6igUOfzw;RESIDENT EVIL 7: BIOHAZARD Part 1 - Krillin Plays;TFS Gaming
#NAME?;UCZBneXDBkRa1alb03n29Oag;Resident Evil 7 - All Repair Kit Locations;GamerForEternity
JL0foYT-lWs;UCNBFVRMaGirbTYYhnp6CWXA;Resident Evil 7 | Capítulo 3 | Historia Completa;Theslayer360
GwW8ZBiJqDs;UCt9p6L0XcEYPxT8RwqsC-MA;RE7 - Party Room Password  - Testing Area 1F Code - Resident Evil 7;PunchNshoot
WsvB_axzJXU;UCtqv_K5xr-OSViDaFgsFbPQ;??? ?????? ??????! RESIDENT EVIL 7: BIOHAZARD;Alina Rin
LwSBn10Xct8;UCDx2-SCLzDaC4vlh2PCGYQA;?????????? ?????? ???... ? Resident Evil 7: Biohazard #1.;Jove
PCKFKdTK3PM;UCWiSo8pknPIlaeE2gKP_qBQ;RESIDENT EVIL 7 Gameplay Español Parte 2  - CENA FAMILIAR!  (PC Ultra Let's Play Comentario);MrJuniorFTW
siTvYNocY7w;UCdaluuQuE5GoOlULA2PGKmA;Resident Evil 7: Jack Baker Boss Fight (3rd Encounter) (1080p 60fps);Boss Fight Database
PuxdeqGDmPQ;UCwEitjeKRFuuNeGvuIf3Tdw;Resident Evil 7 ? ??? ???????? ? ( ???????? ????? \ ?????? ????? );DIAWANTED
UAEkFeOd-4Y;UCgMvwL_F5gqjGdL1uMTZDmg;RETTEGJÜNK EGYÜTT | Resident Evil 7: Biohazard #3;Konzolvilág Ricsi
Dol2BG_2Azg;UCmLmOk7Y4iiiFxQXAhTgUkA;RESIDENT EVIL 7 BIOHAZARD | PC | Gameplay Español PARTE 1;Kudel
k-KmbSSkvEk;UC7UUrKshr-x0a5rqa4qxzrQ;RESIDENT EVIL 7 - #7 - USANDO O DEDO DO MANEQUIM!?! FITA FELIZ ANIVERSARIO   [LEGENDADO EM PORTUGUÊS;SINXPLAYSBR
9kTneabIPsQ;UCUqgPOYEAgszTb8ZCLD5cbA;RESIDENT EVIL 7 Morgue Puzzle;IBeJamz
SATxLLST930;UCmF3ZcCBFUD-mcwg-r3SMyA;Resident Evil 7 - Main House Collectibles Guide (Shotgun, notes, statues, antique coins & More);LunarGaming
mAitzLTGSFc;UCUqiR7yyjDjQQWiHaHuIqOw;Resident Evil 7: Biohazard - Playthrough (Part 2) - Family Dinner;NamelessDreadx37x
gLeflFO-rS4;UCSjXXHwfaDq1w9oQ0xgOFNg;Resident Evil 7 [Part 2] - HIDE AND SEEK;John Wolfe
QYer2zOWH2g;UCp63hPajo9Z7EEFpN9JYuMA;Rescatando a mi Esposa Perdida! - Resident Evil 7 BIOHAZARD #1;Xodaaaa
UqiONWUmYhA;UCeAXVwwurpvQVJozU1GipTg;Resident Evil 7 Biohazard Part 1 | Horror Game Let's Play | PC Gameplay Walkthrough;CjuGames
JT84WcntM14;UCYJ61XIK64sp6ZFFS8sctxw;Eine SCHRECKLICH Nette Familie ?? RESIDENT EVIL 7 #001;Gronkh
A_DCxuSH0d0;UCSjXXHwfaDq1w9oQ0xgOFNg;Resident Evil 7 [Part 1] - WELCOME TO THE FAMILY, SON;John Wolfe
cOtSrMtCVBE;UCIwspRtKNszHhIhl36gREjQ;ELE QUER ME MATAR! - RESIDENT EVIL 7 - Parte 2;ElectronicDesireGE
Hex5FJQAGfQ;UCj_dHQWv08dQ0fv6IrzTChQ;RESIDENT EVIL 7 (Biohazard) #1 - Welcome to the Bayou;YOGSCAST Hannah
CdJjPLDmAso;UCt9p6L0XcEYPxT8RwqsC-MA;Defeat Marguerite & Take Her Lantern Location Walkthrough - Resident Evil 7 Bioharzard (RE7);PunchNshoot
cPwF-lkW9jU;UCqIeOJ3gXlkIqv4ntL0X4BQ;RESIDENT EVIL 7 - EL AREA DE PROCESADO #3 - GAMEPLAY ESPAÑOL;GENuINE993
sqjysD2260s;UCUGkSxaVP_65NyK8fUqPRIg;YOK CANIM NE KORKMASI ! | RESIDENT EVIL 7 TÜRKÇE BÖLÜM 3;Easter GamersTv
_BVwFsiyLNc;UCVygkLr4iqk88W1jFdXM8fg;Resident Evil 7 (Bienvenido a la familia);ElFedeGames
yhs68_Ru5yM;UCtZP0L7yoEycj6w-f7uVNaA;Resident Evil 7 - Let's Play #1 [FR];ExVSK
6aIuiFSEmDc;UCKmlxQVs0vHtaLldRIQ8lsA;RESIDENT EVIL 7: ¿EL MEJOR JUEGO DE TERROR? - #1;iTownGamePlay - Tu canal para ser feliz
#NAME?;UCOAZS-hQ7HvIv18JU3nGyyA;Resident Evil 7 How To Kill Jack Garage Boss Fight;Six String
JPP2BOXV7Cs;UCc_gMV4N9vJtpy7GcMUHaVw;RESIDENT EVIL 7 #1: TÔI ?ANG CH?I CÁI QUÁI GÌ T?M TH? NÀY !?;Tr?c Ti?p Game
U8PpVLJj_Ik;UCyUZg_cPAg1-QjPHKJu20ZA;Resident Evil 7: Biohazard?????7?Part 1 - ?????????;Laowu??
sGI2TpapVe4;UCvwDNr7ec4Qaa_25VYOMhxg;"""MI SMO U PROBLEMATI?NOJ VEZI!!!""-Resident Evil 7: Biohazard part 1.";KingsOfFailsShow
Q6vJbg8e-IM;UCD4INvKvy83OXwAkRjaQKtw;Resident Evil 7 Biohazard - An Evening With Sips;Sips
T0HK-A4lEA8;UCZBY6V8Lxmwu8gGRBOyO11w;MY WIFE SEEMS HAPPY TO SEE ME!? | Resident Evil 7 Biohazard [1];Kubz Scouts
4EvHs6iT7d8;UC6cUj8N-TG0DKbdlTXAzPtA;HILARIOUS WALKTHROUGH: RESIDENT EVIL 7 GAMEPLAY WITH ITSREAL85!;Itsreal85Gaming
tdgtmn1T4E4;UCbzGxlAeqIxaPx1e72zHUNA;NO?NÁ MORA ZA?ÍNA ! - Resident Evil 7: Biohazard / 1080p 50fps / CZ/SK Lets Play / # 1;Frankenstein Let's Play
PMfyMU4XRK8;UCdKuE7a2QZeHPhDntXVZ91w;????? ?????????? ? ????? ? Resident Evil 7: Biohazard #1;Kuplinov ? Play
s52ueh4BawA;UCOynRdpGiTCNFhCgD0RTe1w;RESIDENT EVIL 7 ??????????? ?? ?????? ?? ??????!  #1;SHIMOROSHOW
ICbUEk7xVfM;UCDZsyOkn-WTiTwgAvZSQ_cg;¿EL MEJOR JUEGO DE TERROR DE LA HISTORIA? | Resident Evil 7;El Rincón De Giorgio
682HHclu1w8;UCcSnHBb0QzjzOKLU9mh0koQ;Resident Evil 7 Easy How to solve Mia VHS Tape  walkthrough guide;TwinZip
mtucUlpDFYQ;UCYrjIxMsifx_9CUxKFOoNOg;Resident Evil 7 Gameplay Walkthrough Part 7 - Happy Birthday! (no commentary);GameplayOnly - Trailers & Gameplay
b9jHgmzKVDU;UCb2e0ddz50K0aldWrkjcXNA;RESIDENT EVIL 7 | Miedito con Reve en 2.0 | Capítulo 1 y FINAL xDDD;Gaming4GamersTV
BA73XgL_DqQ;UCWgNIMSPkbNMmIhhMF_OkDg;Resident Evil 7 Welcome to the Family Son Parte 1;Duxativa
L2JXVo8djRk;UCqIeOJ3gXlkIqv4ntL0X4BQ;RESIDENT EVIL 7 - EMPIEZA LA PESADILLA #1 - GAMEPLAY ESPAÑOL;GENuINE993
eBj-awYT0EY;UCVaU3uoQCEkAcritA8c-3Jw;Uutta kauhupelisarjaa! - Resident Evil 7: Biohazard;TOMAS
oCFMxSmtwFE;UCF2yHKTv3RZY-vh2TkarEtA;Let's Play Resident Evil 7 Deutsch - INTRO - (RE7) PC - Part 1;EinQuantumPro
u84RD4ZEUfU;UCZUrS0zDszsXI_5ir_tI3cg;?????? ??????? 2017? - Resident Evil 7 #1;windy31
iKQRGh6HbCM;UCZU03wNQEGmDkGcNN-BT2Ng;Resident Evil 7 100% Walkthrough Part 1 | Guest House (All Antique Coins, Mr. Everywheres & Files);BeardBear
VSfhbEG0XUU;UCIwspRtKNszHhIhl36gREjQ;ISSO FOI ASSUSTADOR! - RESIDENT EVIL 7 - Parte 1;ElectronicDesireGE
AJXhOD0yhHY;UCjuRnAVSiarRGOI8DA2oJtQ;BIENVENIDO A RESIDENT EVIL 7 Gameplay Español;Menos Trece
oM8kg_lrwF4;UCZBneXDBkRa1alb03n29Oag;Resident Evil 7 - How To Use Antique Coins - 44 Mag, Steroids #2, Stabilizer Location;GamerForEternity
SsfuL5upk8E;UCdRx6BjmUwdP7pfGIYPRHaQ;LA CASA - Resident Evil 7 - EP 1;alexelcapo
IbLzAPlnBV8;UCYrjIxMsifx_9CUxKFOoNOg;Resident Evil 7 Gameplay Walkthrough Part 4 - Flamethrower (no commentary);GameplayOnly - Trailers & Gameplay
T7A5Q9OvdRY;UCtn4sFXvAW1il1MKDja11YA;S-a Lansat Resident Evil 7 : Biohazard ! [1];iRaphahell
1-YUXgYHnkA;UCCbfB3cQtkEAiKfdRQnfQvw;Scary Game Squad: Resident Evil 7 [Part 1] - WTF IS HAPPENING?!;Jesse Cox
1E21XODHYOY;UC7UUrKshr-x0a5rqa4qxzrQ;RESIDENT EVIL 7 - #2 - MEU AMIGO POLICIAL!! FUI SALVO? [LEGENDADO EM PORTUGUÊS;SINXPLAYSBR
a8YKklQwgWs;UCUGkSxaVP_65NyK8fUqPRIg;KORKMAYA HAZIR MIYIZ ? | RESIDENT EVIL 7 TÜRKÇE BÖLÜM 1;Easter GamersTv
PRWiDTA1pWU;UCNVmhJ6YBiacLTeN_oEY4cQ;Resident Evil 7 / ????? ??????!;AlexPozitiv
NLJjMZFpqMw;UCrpWCVp9FuGA8OnGtA0rgsw;VR HORROR A JAVÁBÓL!!! | Resident Evil VII #1;TheVR
fgL3FvIU1cA;UCFBcrywVNeUOqtJgGhPEvQg;?????? ????? ? ??????! - Resident Evil 7 #2;TheBrainDit
KyLMY2QmpLs;UCFBcrywVNeUOqtJgGhPEvQg;????? ??????? ???? - Resident Evil 7 #1;TheBrainDit
TytwHScd1eo;UCNBFVRMaGirbTYYhnp6CWXA;Resident Evil 7 | Capítulo 1 | Historia Completa;Theslayer360
M9ue46olx7k;UCbtWPWI43riamQ4gPWxi_Uw;Resident Evil 7 Walkthrough Part 3 - JACK GARAGE BOSS FIGHT - How To Beat RES7 PS4 Gameplay;IFreeMz
nQqGxBXmJo4;UCXin0u5SrVEBjn5LhOoG97A;KARIMLA KORKUYORUZ! Resident Evil 7 Türkçe Bölüm 1 - ?lk Bak??;Enis Kirazoglu
0lXsgvekdkE;UCENeeLCbbDNAP-664-t26FA;??????????? Resident Evil 7 — ????? 4: ??????? ??????;RusGameTactics
7iU6syj9ahQ;UCYrjIxMsifx_9CUxKFOoNOg;Resident Evil 7 Gameplay Walkthrough Part 3 - Last Dog Head (no commentary);GameplayOnly - Trailers & Gameplay
SwhYdZYZNT0;UCENeeLCbbDNAP-664-t26FA;??????????? Resident Evil 7 — ????? 1: ????? ?????????? ? ?????!;RusGameTactics
f0iUnmu_RZQ;UCZU03wNQEGmDkGcNN-BT2Ng;Resident Evil 7 - Grenade Launcher Location (How to Get);BeardBear
byCYsI5X8Og;UCRaNT9kDXxiXeV18NeVj2gA;Resident Evil 7 - How to survive Party Room in the Story (Not Video Tape);randomChievos
Ski9j8bxjYI;UC6DfGA8KPPd_2NB1NBaQy1g;Resident Evil 7 : on l'a fini, on en parle avec Logan de JV.com;IGN France
YYTn8yV_gWo;UC1Q831w4PGw2B-mKVTf7eAA;Resident Evil 7 Gameplay German #1 - Let's Play Resident Evil 7 Biohazard Deutsch;MartinSpielt
Wx6vqQFpSNY;UCI0LNmSlhS-H9mGNPWM8gzQ;RESIDENT EVIL 7 : Le retour de la peur ? - LET'S PLAY FR #1;At0mium
fpHBI2lcveE;UCDjB4tTYvc8lA45iMHL20Sg;Resident Evil 7 Walkthrough Gameplay Part 2 . [PS4 PRO] No Commentary 1080P 60fps ??;SullyGaming
XAtLaqu-B8I;UCEJ1ZgOamcGKd1c-v-LCr3A;Resident Evil 7 Biohazard - E5700 | 4GB RAM | GTX750Ti;MacedoniaGamingNetwork - MGN
W3pt_7_BvUI;UCqIeOJ3gXlkIqv4ntL0X4BQ;RESIDENT EVIL 7 BEGINNING HOUR - HACIENDO EL EASTER EGG #FINAL - GAMEPLAY ESPAÑOL;GENuINE993
dqiEPbNuSrg;UCFLARbB5JTlJU9sY2Vcev1Q;WAS ZUR HÖLLE IST DAS? (WAHRES ENDE) | RESIDENT EVIL 7 Demo (Deutsch/German);Sev
xa3Qj0FreN8;UC7_FTY9-7vzEyxsp4MGInsg;PANIQUE EN RE?ALITE? VIRTUELLE - RESIDENT EVIL 7 (VR);NicoBichoko
uBI6pe5eCaU;UCNvSaQat3mPwrQVA8CqkG2w;Resident Evil 7 DEMO - Core 2 Quad Q8400 / GTX 650 / 4GB RAM;TheWillGamer95
wdHvb7EV594;UCbIa2wKzCfoTCF0qaNFEq-Q;PODE DAR TUDO ERRADO COM: RESIDENT EVIL 7;TheMFW
IgFspWfwJyI;UCSFC5Cio8zaLQDFPxA7y_HQ;NULLA POTRÀ MAI SHOCKARMI PIÙ DI QUESTO. (Resident Evil 7 VR);?FavijTV™
TO9lqskoH68;UChrdeOqH8JaOiMvDEYGreKA;Resident Evil 7 - PLUS JAMAIS VOUS N'IREZ DANS UN SOUS-SOL !;SEROTHS
62LNpucVrQQ;UC3J4Q1grz46bdJ7NJLd4DGw;Bad Ending - Resident Evil 7 Teaser: Beginning Hour - Indonesia;MiawAug
a6hsiM6-OpU;UCZU7HyOKW_OiY3aSeplJTAg;Resident Evil 7 PC Gameplay 4K;Rob Cram
JMEnATa1A_A;UCPrjkhUSqtZDtFrFdVURvpw;Resident Evil 7: How To Kill The Molded Monster;AceEndLegend
964Kkd9OMuE;UC1bwliGvJogr7cWK0nT2Eag;Resident Evil 7 TV spot trailer;MKIceAndFire
xXTPSxFOexU;UCx8vbgWs666cAS7wsKos5sA;EVERYTHING IS SO MUCH WORSE IN VR.. || Resident Evil 7 Midnight (True Ending) + 5 Murder Mysteries;8-BitRyan
P2kETSZEhAM;UCgy-XzXwcdJKNKIUyzQmw7Q;Resident Evil 7: Beginning Hour | All Endings;RockLeeSmile
mBA_jldsSqI;UCOuA-eZz_Q_uCHNg21yBRjw;DERROTANDO AL MONSTRUO Y FINAL INFECTADO!! - RESIDENT EVIL 7 DEMO MIDNIGHT (ULTIMA ACTUALIZACIÓN);MaxiLunaPMY
QQ5FiKoZfyA;UCRU01k7WUQJ5GTr8T0jz9rA;SO ERREICHST DU DAS GEHEIME ENDE | Resident Evil 7 Demo - Tape 3;H0llyLP
PId09DqYwaI;UC1KE8fdmhLOodMxW_tKC5jw;Resident Evil 7 - TRUE ENDING + INFECTED ENDING + HOW TO GET GUN (Resident Evil 7 Midnight Demo);SwingPoynt
WsuPifk4ZL4;UCQFwTpUF3V984r0TT-j-yPg;RESIDENT EVIL 7: Como salir de la casa;Juanpa302
DIgx0Hq4sLY;UCey1iIPjohaeGwvHVYvCnhw;"[Resident Evil 7] - VHS n°3: ""Resident Evil"" - PS4, XBOX ONE, PC";Capcom France
viyqPAziAaw;UC-2Y8dQb0S6DtpxNgAKoJKA;"Resident Evil 7 biohazard - PlayStation Experience 2016: TAPE-3 ""Resident Evil"" Trailer | PS4, PSVR";PlayStation
MOgCalp15zg;UCbIa2wKzCfoTCF0qaNFEq-Q;RESIDENT EVIL 7: A BIZARRA INSPIRAÇÃO;TheMFW
6OV7BNGMxD0;UCbIa2wKzCfoTCF0qaNFEq-Q;RESIDENT EVIL 7: COMO TUDO COMEÇOU;TheMFW
W5d04psLvAk;UCoXTZ3PJ5NeU2bxEEgW4PgA;Resident Evil 7 - Biohazard SteelBook® edition;SteelBook
4AwgxA_TjYo;UCdKuE7a2QZeHPhDntXVZ91w;????? ?????????? ? ????? ? Resident Evil 7 #1;Kuplinov ? Play
PgTJMVr0Tvk;UCr_fwF-n-2_olTYd-m3n32g;??????? ? Resident Evil 7 ? VR - ???? ????? ??????????? ?????????? (PlayStation VR);????? ????????
6Ed9GrzYPqU;UCYzp8-P162Em-3uZnCuGJOg;Resident Evil 7 DEMO - A Casa Tá com Bicho!;Games EduUu
aq9mtRitnS8;UC2lJPgRa6PeDNLUqlCCmDAQ;Resident Evil 7 - NEW Gameplay Walkthrough (TGS 2016);MathChief - Gameplay & Trailers!
MOgCalp15zg;UCbIa2wKzCfoTCF0qaNFEq-Q;RESIDENT EVIL 7: A BIZARRA INSPIRAÇÃO;TheMFW
6OV7BNGMxD0;UCbIa2wKzCfoTCF0qaNFEq-Q;RESIDENT EVIL 7: COMO TUDO COMEÇOU;TheMFW
W5d04psLvAk;UCoXTZ3PJ5NeU2bxEEgW4PgA;Resident Evil 7 - Biohazard SteelBook® edition;SteelBook
4AwgxA_TjYo;UCdKuE7a2QZeHPhDntXVZ91w;????? ?????????? ? ????? ? Resident Evil 7 #1;Kuplinov ? Play
PgTJMVr0Tvk;UCr_fwF-n-2_olTYd-m3n32g;??????? ? Resident Evil 7 ? VR - ???? ????? ??????????? ?????????? (PlayStation VR);????? ????????
6Ed9GrzYPqU;UCYzp8-P162Em-3uZnCuGJOg;Resident Evil 7 DEMO - A Casa Tá com Bicho!;Games EduUu
aq9mtRitnS8;UC2lJPgRa6PeDNLUqlCCmDAQ;Resident Evil 7 - NEW Gameplay Walkthrough (TGS 2016);MathChief - Gameplay & Trailers!
u3zIzY6M3fQ;UC1TglkZCzM614801bBN5wFg;Resident Evil 7 Biohazard - Story Trailer [PS4];PlayStation DACH
WV5J1TeDN7A;UCbI-X9F07inmxYvQKDBOU7Q;Resident Evil 7 PS4 Trailer: Dinner with the Bakers | PlayStation 4 | TGS 2016;Push Square
6DqdA3c0EnI;UCa5qeML93Hg37Ckn22pxdHA;Resident Evil 7 Gameplay Trailer 4K 60FPS - PS4 Pro;lzuniy
xyXsy4uvC-k;UCY-aY6fAqJauPWfxZ7HTZig;???????? ????? ????????! (Resident Evil 7 DEMO);2J Games
SSi2pV-YEek;UCJ8GQ_SNb-33m_BluT4TTlw;Resident Evil 7 - SERIA ESSE O LEON KENNEDY? ( Analisando Cenas Inéditas da E3 Pt. II );MaxMRM GAMEPLAY
O6sRex3RUVM;UCq6VFHwMzcMXbuKyG7SQYIg;Resident Evil 7;penguinz0
Q3oLHRimVUg;UCiwIAU4SNlrcv47504JrJeQ;"Cleveland Plays: Resident Evil 7! #1 ""Screw Andre!""";Azerrz
#NAME?;UCFbeC0uRdk0dfKQkybLAeVg;???????!! ???????????????!!? RESIDENT EVIL 7 Teaser: Beginning Hour?;SoftpomzGaming
T48J3vDOWPg;UCrpWCVp9FuGA8OnGtA0rgsw;HÁT EZ MÁR NAGYON HIÁNYZOTT!!! | Resident Evil 7 Beginning Hour Demo;TheVR
CxLIuIbgXu4;UChbwE8OaITH1rhi2I0ny3Cg;SEGREDOS E MISTÉRIOS de Resident Evil 7;Velberan
E3qhvsanKJo;UCkxctb0jr8vwa4Do6c6su0Q;Let's Play - Resident Evil 7 Biohazard Starring Funhaus;LetsPlay
CWu_KlvNU_A;UCYJ61XIK64sp6ZFFS8sctxw;RESIDENT EVIL 7 DEMO #01 - Home Sweet Home | Gronkh;Gronkh
VU4ssMogwbc;UCDZsyOkn-WTiTwgAvZSQ_cg;RESIDENT EVIL 7 EN PRIMERA PERSONA?! LO PRUEBO EN DIRECTO Y... ya lo veréis ??;El Rincón De Giorgio
Jr10IuqpBnA;UCj9BKLnJa3xPThr2ATxvk0g;Dummy Finger & Axe Purpose Hunting RE7 Resident Evil 7 Live Gameplay;AceBoogz Gaming
QcibcOwatBI;UCC7mCdLtA_-FePhSdTERUAA;"Resident Evil 7: Biohazard [Here's Your ""GOOD ENDING""]";Ghost Murmur
fIyrKYOuWXQ;UCP8A8blIPLuL2kSSrhKJIhg;BONJOUR YA DES FANTÔMES ? - Resident Evil 7 Demo;Le Bled'Art
dmk8fIZF8lk;UC-2Y8dQb0S6DtpxNgAKoJKA;Resident Evil 7 Biohazard - E3 2016 LiveCast | PS4;PlayStation
aiv2hts7FhI;UCybifzoXI1ztF9N-_FK2Vtw;Resident Evil 7: Beginning Hour Walkthrough Part 1;Gamers Unleashed X
sknHvhRjNqs;UChDzydLvGpQD-bZWDZBiu9w;Resident Evil 7 – 4 ???????? ????-??????;StopGame Live
T0ky23papQk;UCSjXXHwfaDq1w9oQ0xgOFNg;RESIDENT EVIL 7 DEMO - Beginning Hour Gameplay;John Wolfe
a-vgRyQ59aA;UCP4rXlinqhP-kyRdYDWc2rw;Resident Evil 7 FULL DEMO PLAYTHROUGH ENDING 1: NO COMMENTARY NONSENSE (60 FPS);Jimmyqballs
6hlJ-u-V1OU;UCgo8qP50yVGHCaF03qo4ovw;Resident Evil 7 (PS4) - Trailer #1 - E3 2016 - PlayStation VR - LEGENDADO PT-BR;PSX Brasil
