jem-yGMjd-w;UC848OAbl00Ct442RhlfrtLg;Dark Souls 3: Embracing The Hot, Hot Embers #2;noah graham
-9da6942aA8;UCMerNanycqg8b7JfhngNoGw;Dark Souls | A por Manus y la magia negra | En Directo | #12;Okami Kirios6854
Mz4AdQQ7qc8;UCMerNanycqg8b7JfhngNoGw;Dark Souls | Seath el proximo muertin | En Directo | #11;Okami Kirios6854
JOihSVWANag;UChMoB0PEXt0cYkjKsvk3mwQ;"Dark Souls 2 ""Gutta Prøver""";Mergim Krasniqi
fimWgd3eWPM;UCesQrotK2cd6vlN1e_vG9fw;DARK SOULS III_?????;IGA STAR
e4-EFUN302o;UCesQrotK2cd6vlN1e_vG9fw;DARK SOULS III_?????????;IGA STAR
N9TMsA89-k4;UCesQrotK2cd6vlN1e_vG9fw;DARK SOULS III_????????????;IGA STAR
kuV9vADop50;UCesQrotK2cd6vlN1e_vG9fw;DARK SOULS III_??????????????;IGA STAR
Q-2zp249jfs;UCesQrotK2cd6vlN1e_vG9fw;DARK SOULS III_??????????????;IGA STAR
BhKApf8mFxU;UCesQrotK2cd6vlN1e_vG9fw;DARK SOULS III_??????????;IGA STAR
C56nUeHAOrc;UCesQrotK2cd6vlN1e_vG9fw;DARK SOULS III_???????????;IGA STAR
0SdrFAFsnvs;UCesQrotK2cd6vlN1e_vG9fw;DARK SOULS III_?????????;IGA STAR
tWJspKa0xzo;UCesQrotK2cd6vlN1e_vG9fw;DARK SOULS III_???????????;IGA STAR
9VOap2h1Orw;UCesQrotK2cd6vlN1e_vG9fw;DARK SOULS III_??????????;IGA STAR
tHQOmF1LTtE;UCesQrotK2cd6vlN1e_vG9fw;DARK SOULS III_??????kS?????;IGA STAR
XruJVvP25cY;UCesQrotK2cd6vlN1e_vG9fw;DARK SOULS III_????????????????;IGA STAR
1NEp0GqO208;UCesQrotK2cd6vlN1e_vG9fw;DARK SOULS III_??????????;IGA STAR
ZQ-gxR2XDfg;UCesQrotK2cd6vlN1e_vG9fw;DARK SOULS III_??????????;IGA STAR
M4Y8fohZeFQ;UCesQrotK2cd6vlN1e_vG9fw;DARK SOULS III_????????????????;IGA STAR
fG1nTlUmCfo;UCesQrotK2cd6vlN1e_vG9fw;DARK SOULS III_???????????;IGA STAR
tERdrISBw8o;UCesQrotK2cd6vlN1e_vG9fw;DARK SOULS III_???????????????;IGA STAR
Kz5V3iaAtbg;UCesQrotK2cd6vlN1e_vG9fw;DARK SOULS III_???????????;IGA STAR
zwkgUt4lyy0;UCesQrotK2cd6vlN1e_vG9fw;DARK SOULS III_??????????;IGA STAR
MuMA7rVS4DE;UCesQrotK2cd6vlN1e_vG9fw;DARK SOULS III_?????????;IGA STAR
nAi-xPD-NGo;UCesQrotK2cd6vlN1e_vG9fw;DARK SOULS III_????????;IGA STAR
LcYCWApqYkg;UCesQrotK2cd6vlN1e_vG9fw;DARK SOULS III_???????????;IGA STAR
dDgot1kp6EA;UCesQrotK2cd6vlN1e_vG9fw;DARK SOULS III_?????????????;IGA STAR
aNwKPHXZsJY;UCesQrotK2cd6vlN1e_vG9fw;DARK SOULS III_???????????;IGA STAR
UC8r_ZvZUyg;UCesQrotK2cd6vlN1e_vG9fw;DARK SOULS III_????????????????;IGA STAR
aXO8G9iy3X0;UCesQrotK2cd6vlN1e_vG9fw;DARK SOULS III_???????????????;IGA STAR
vM_KTBvenQI;UCesQrotK2cd6vlN1e_vG9fw;DARK SOULS III_???????????;IGA STAR
B7qIyr4yrKs;UCesQrotK2cd6vlN1e_vG9fw;DARK SOULS III_???????;IGA STAR
TmP1zDPfOok;UCesQrotK2cd6vlN1e_vG9fw;DARK SOULS III_??????????;IGA STAR
QFjFIg9UL_g;UCesQrotK2cd6vlN1e_vG9fw;DARK SOULS III_???????;IGA STAR
n2jqFjt-YN4;UCesQrotK2cd6vlN1e_vG9fw;DARK SOULS III_????????????;IGA STAR
dahF7UUN1IA;UCesQrotK2cd6vlN1e_vG9fw;DARK SOULS III_?????????;IGA STAR
HrGCPkBw6YE;UCesQrotK2cd6vlN1e_vG9fw;DARK SOULS III_??????????;IGA STAR
SNUhvjXL8vU;UCesQrotK2cd6vlN1e_vG9fw;DARK SOULS III_??????????;IGA STAR
lM96tMO_sFk;UCesQrotK2cd6vlN1e_vG9fw;DARK SOULS III_?????????????;IGA STAR
NzkWeecdEWY;UCesQrotK2cd6vlN1e_vG9fw;DARK SOULS III_??????3??;IGA STAR
9J1tc-ooRO0;UCesQrotK2cd6vlN1e_vG9fw;DARK SOULS III_????????;IGA STAR
LLWws6G3dqM;UCHDYes8H1PVBkbJZ8pfjong;[ ?? TV ] ??? ????3 Dark souls 3 ??? #40 (?? ?? ? : ???);?? TV [G]
tD4wPXfSXfo;UCMerNanycqg8b7JfhngNoGw;Dark Souls | Artorias despacito porfa xD | En Directo | #10;Okami Kirios6854
44DB79m6pW8;UCX0KeitLa33_XhI981K3dKQ;OTVÍRÁK - Dark Souls: Prepare to Die Again mode #1 CZ;Jarryn
pp0gitOhrnc;UCg9CS9PE5nVLpVEbs7C02Bg;DARK SOULS 2   ??????*;????
vZerRf1ml8I;UCVdSuIwoHAVPjAB3vzMq3pQ;Dark Souls - Demon Firesage - NO HUD, CALAMITY RING, NO DAMAGE, MELEE, SOLO (NG+7);Simte
DqLNxDiwzqg;UCYUVU4wVTcV7HRTBANsX3Pg;Cut the Crap - Dark Souls 2;nekolai huggerz
p7DzxKfpM1c;UCY48Ik2hyxOKDOAHlFtCqeA;SOY UN MANCO | DARK SOUL 3;Lord Ghoul123
7BwAY_59KIk;UCpOLLN_GxVKZYTbS4WMj66g;Darksouls;Rus Beard
ZLyjbIxo2tw;UCB199v4lKlPaDwM6CsVaIQw;dark souls 3 ! capitulo 5;AlexVenom474
hRone5bA3Rs;UCMerNanycqg8b7JfhngNoGw;Dark Souls | Intente matar a los 4 reyes pero matamos a gwndolin :u | En directo | #8;Okami Kirios6854
iDvVrUVoJBs;UCoal_hpPIPAnWlG-kWHLheA;Dark Souls Boss Challenge (ft. Jaiden Animations);The Drawfee Channel
n1soujoCx9Q;UCciq0LOw8g7wRQ2HOptkBfw;"Zagrajmy w: Dark Souls 2: Scholar of the First Sin | #12 - ""Stra?nicy Ruin"" | PS4";VES\Gaming
F9rrf4pNpU8;UCrZOsOcRZLz61ylxSJG9Mqg;DARK SOULS III ep 2 : il patto della via blu;Franco arturocipolluto
xgox6Gaho7g;UCDhBcPs2iVKBuVYQSEGFFTQ;Dark Souls - Death and Success: Episode 3 | The Computer Game Show;The Computer Game Show
91kHUBBpzIk;UCf-O23VSWsqTdQwkvXgL4YA;Abyss Watchers - Darks Souls 3;Wilson Diego
jdNnv-MCRnc;UC87jyQo9MtToXFI6uGiSEew;Dark souls 3 | primera vez en Ps4 |;EDENPEYT58
MoDBNhr40Rg;UCDhBcPs2iVKBuVYQSEGFFTQ;Dark Souls - Death and Success: Episode 2 | The Computer Game Show;The Computer Game Show
4jmdvOncGZU;UCvTnhp9Jb6m8Yd26x_q83eQ;Dark Souls 3 -  Parry everything;Xander1097
eBdmzXecqSo;UCuuQX6Lqc78_CL_SaKLwNoQ;DARK SOUL 3 #1 - ????????? ???? (???????? ????);ICE_MAN
lwETLdq6P0Q;UCA7-KUzOQF-qk46knmCnCmg;Los 10 OBJETOS MAS DIFICILES de conseguir en DARK SOULS 2;Powerbazinga TV
lcnGz7PepwE;UCciq0LOw8g7wRQ2HOptkBfw;"Zagrajmy w: Dark Souls 2: Scholar of the First Sin | #6 - ""Ostatni Olbrzym"" | PS4";VES\Gaming
HA1pks3JluE;UCqwGaUvq_l0RKszeHhZ5leA;Dark Souls 3 Livestream #4 mit Peter & Chris;PietSmiet
8DHidQHxtdc;UCciq0LOw8g7wRQ2HOptkBfw;"Zagrajmy w: Dark Souls 2: Scholar of the First Sin | #5 - ""Prze?ladowca"" | PS4";VES\Gaming
TUdP_hzHvns;UC5GSO2hiHevgZUhSQIJNd2A;NEW! QDSS VS DARK SOULS DA TAVOLO;Quei Due Sul Server 2
1XbBXpDXWhQ;UC5GSO2hiHevgZUhSQIJNd2A;DARK SOULS Gioco da Tavolo: Regolamento SPIEGATO;Quei Due Sul Server 2
GAyqULHpdGQ;UCDhBcPs2iVKBuVYQSEGFFTQ;Dark Souls - Death and Success: Episode 1 | The Computer Game Show;The Computer Game Show
7dPxOOMqXTQ;UCU4qQfcYujTxNnVw_sFPv4g;Stream Highlights ?? Dark Souls 3 mit Chris und Peter;GameCraftOP
ZiJFqjeS5aI;UC89OysybmzhHI_xJqIOXX8Q;The surge DEMO | JUST LIKE DARK SOULS! |;Wolf GamingCZ
CvUD1OD8jRk;UCqwGaUvq_l0RKszeHhZ5leA;DarkSouls 3 #3 Couchgeflüster mit Piet & Chris;PietSmiet
oR_muhK80UA;UCOWNEYvv2CdnNiSo0b4cWog;¡ESTO ES DARK SOULS!;Pepe Forner
62jLxzgzrbQ;UCP5aP6ePxFtyMr7mlzvmu3Q;??? ????? ????????? ???????? ???? Dark souls 2;dzirt dzirt
TeKybM0rK6I;UCY2yS6B1KplK2WHBUJg3HWQ;#2 ?Dark Souls 3: The Ringed City ???????-??? ????? ?(NG+2, XBOX ONE);EvgenOnePlay
osZZa4N3krI;UCJxpYXfKlBu3ZuCZKn6LDyw;???? Dark Souls – ?????? 18 - ????? ???????;Venomous Salim
TSYol1xdT78;UCrsM7HOF_WQfZ2uLI0N0omQ;Dark Souls ?????? ???? Steam;???? STEAM ?????????
U2gy--Y3F5g;UCrsM7HOF_WQfZ2uLI0N0omQ;Dark Souls ???? Steam;???? STEAM ?????????
9zRhzGZw_EU;UCwuKwSrT8Ha-lVjU-LwhMmg;Skyrim?Darksouls  - Ultimate dodge + spear animation;Inpa
lZxXP5bF56k;UCvmF_tzu-eK6FRfMlOp6-Fg;DARK SOULS, mejores momentos - TERCERA PARTE!;Eurogamerspain
bxI48mA9Y8s;UCY2yS6B1KplK2WHBUJg3HWQ;#8 ?Dark Souls 3??????? + ?????????? ???????? ?????? ?(NG+2, XBOX ONE);EvgenOnePlay
VWtTda8VR3Y;UCY2yS6B1KplK2WHBUJg3HWQ;#7 ?Dark Souls 3????????? ???????? + ????????? ????? ?(NG+2, XBOX ONE);EvgenOnePlay
0rrcgnsN3EY;UC9JZavLIaJRBDoBCQQOk6rQ;more dark souls;Dogl
WCwQMQwEm-Q;UCA7-KUzOQF-qk46knmCnCmg;Las 10 ARMAS MAS RARAS de Dark Souls (1, 2 y 3);Powerbazinga TV
BQJwXjEvCtw;UCqwGaUvq_l0RKszeHhZ5leA;Piet und Chris haben Dark Souls 3 verstanden! ?? Stream Highlights;PietSmiet
zF6QVgODuF8;UCqEWf9AWIwOiqyj8TherGQQ;LA HACHE FOUDROYANTE QUI CASSE DES BOUCHES - Dark Souls 3 feat. sunbro;Graphtag
7-BFFrVHnUE;UCrsM7HOF_WQfZ2uLI0N0omQ;Dark Souls 2 ?????? ???? Steam;???? STEAM ?????????
vo1U4bkJMJ8;UCVe9bKkkcxwhZubiq7sDToQ;DARK SOULS II(2) ?????? ?????????;GranDzhem Gaming
_SuMKRckSwE;UCvmF_tzu-eK6FRfMlOp6-Fg;DARK SOULS, mejores momentos - ¡Segunda parte!;Eurogamerspain
Yb2zHjDIj7E;UCI3DTtB-a3fJPjKtQ5kYHfA;Dark Souls 3 by SayviTV in 1:01:45 - AGDQ 2018 - Part 148;Games Done Quick
nzhq_EbDYPI;UCA7-KUzOQF-qk46knmCnCmg;Las 10 PEORES COSAS que puedes hacer en DARK SOULS (y Demon's Souls);Powerbazinga TV
JcsEVS8HbW0;UC56_-4AHRA6NtSxLsfrbX1g;WHY DEACONS OF THE DEEP IS THE HARDEST BOSS IN DARK SOULS III;Fercosion
L5VfFoHEYQ4;UCNbMmvd_sWZaW-IFysNxfog;Dark Souls III - Yup, thats Dark Souls:/;Dredera Z
tW4G-0gGTYw;UCrzoMjzGz2w1kvzlintuf_g;Dark Souls 1;Rajkonen
e1YnLv0N_T4;UCcn4xLviOE7mYVui13YWvRQ;Dark Souls: Christmas [The Pruld] 2018;?????????? ???
_s899Tj7lIs;UC477Kvszl9JivqOxN1dFgPQ;THE VRCHAT EXPERIENCE [Dark Souls Edition];Iron Pineapple
mP_A-ngxFg8;UCVe9bKkkcxwhZubiq7sDToQ;Dark souls 2 NG + 5 ?;GranDzhem Gaming
mFt-EiQzxfM;UCVe9bKkkcxwhZubiq7sDToQ;DARK SOULS 3 ????? 2  ?????????? ???????????;GranDzhem Gaming
KNkUuoDUqz8;UCVe9bKkkcxwhZubiq7sDToQ;DARK SOULS 3 ????? 1  ????? ???? ??????,???? ?????????;GranDzhem Gaming
ybOPXhD1zno;UCVe9bKkkcxwhZubiq7sDToQ;Dark Souls 2 ?????????*;GranDzhem Gaming
hg0T9P04GrE;UCVe9bKkkcxwhZubiq7sDToQ;DARK SOULS 3.;GranDzhem Gaming
tcGl4CEaz4g;UCrZOsOcRZLz61ylxSJG9Mqg;Dark souls III ep 1 : gundyr e l’altare;Franco arturocipolluto
_RBz7NCew10;UCZXd9fA9CpPUvF1H5Nmi8Qg;Dark Souls Prepare to Die Edition 6(G) Bli?niacy z dachu parafii;Grzechu 40
XJjOuzPncoI;UCA7-KUzOQF-qk46knmCnCmg;10 cosas que AMAN los jugadores de Dark Souls;Powerbazinga TV
W1gYDLHTt8w;UCQYkkC3Eb_0p08VqWQECfnQ;LO MEJOR Y LO PEOR DE DARK SOULS;Acre
P-fD7gBGUiA;UCSFMCn1xtj_4kOy6KNK_fNg;BÉKA SZAGOT ÉRZEK... | Dark Souls II: Scholar of the First Sin #6 ALL BOSS - NO SUMMON #PC - 12.11.;TheVR Streamek Official
lHd3_XsTxNg;UCEqc1WYZ4u5rkcYbLV715bg;Dark Souls: The Crash Bandicoot of Action RPGs - EPISODE 1 - Friends Without Benefits;Friends Without Benefits
#NAME?;UCvO9Xk3bheuxEemvknCj72g;Indie Moments: 5 Video Games To Play If You Love Dark Souls;WhatCulture Gaming
OIr4QmSrPWM;UC3g50Yr3GFPYrBj-n55BdqA;The Dark Souls Of Legless Climbing Simulators! Getting Over It Part 3;Grand POOBear
6UHhebOjSng;UCSFMCn1xtj_4kOy6KNK_fNg;A NAGY RONDA SOKLÁBÚ POCH... | Dark Souls II: Scholar of the First Sin #5 ALL BOSS #PC - 12.04.;TheVR Streamek Official
CLDrpKFRLzc;UCSFMCn1xtj_4kOy6KNK_fNg;IRÁNY A LYUK!!!! | Dark Souls II: Scholar of the First Sin #4 ALL BOSS #PC - 12.01.;TheVR Streamek Official
W8jT6tYRc9A;UC78CQ3aNPBG9X_qgAVyDAVA;Dark Souls III | Part 1 - Iudex Gundyr & B(V)ordt of the Boreal Valley;Heroes Of The Light
Oq--rvANPUc;UCvmF_tzu-eK6FRfMlOp6-Fg;MEJORES MOMENTOS jugando a DARK SOULS - ¡Todas las MUERTES de ENROQUE!;Eurogamerspain
SCqjurgO4W0;UCTlPCQjV82s8lN2At3bOVpg;Dark Souls Lore - The Firekeeper;Silver Mont
nbHJbNfQSFc;UCSFMCn1xtj_4kOy6KNK_fNg;R1 SPAM ALL DAY... | Dark Souls II: Scholar of the First Sin ALL BOSS #PC - 11.27.;TheVR Streamek Official
30QbElguAMQ;UCnte0f17KY-buLVYsqJ-L5g;What if: EA made DARK SOULS? - (Ajit Pai included);Abject
n8xn0S2GVPU;UC6-GOlDv0TZSUoYvh4n7uUA;Fredd juega Dark Souls con pistolas y sale mal;masterlasheron
y9mLgXDieLg;UCTyA1ortyWPc1uLF5cbzluA;Maddyson Subday: theHunter, Dark Souls, Doki Doki;Mad Highlights
6-7ZLB76O7Q;UCBy3xWsb_0ZFThCf2F0pnMQ;How Dark Souls was meant to be modded;Comrade Supreme
8eodaGArCrU;UCWEYZl2KphZGKc-ySbad4zA;Dark Souls [all bosses, no deaths] #3;Alone Wave
PJDjMfjM95Y;UCjoKyJSPrvt4H9jX8iNV_2g;DARK SOULS 3 | EPISODIO #1 | COMIENZA EL SADOMASOQUISMO - Gameplay Español - PC;DeiGamer
CMIst4AIMjM;UCvax7WLz8o2UtGS-FL8bW4g;OS CHEFES MAIS DIFÍCEIS DE DARK SOULS (FRANQUIA SOULS);HadesPlays
JRP8QH_CxpY;UCa_k-ynVzD_x4jbsq1vJCJw;????? ?????? ? DARK SOULS (??????);OneKing
YCAfHqIB0JE;UCwuKwSrT8Ha-lVjU-LwhMmg;Skyrim+DarkSouls - 1hm/2hm motion;Inpa
G6oN7oALZAE;UCrsM7HOF_WQfZ2uLI0N0omQ;Dark Souls ?????? ???? Steam;???? STEAM ?????????
l_lVOu8Aj9U;UCRnNP6x4t-w0GxwUHUKlZhQ;DARK SOULS 3 #1 EMPEZAMOS LA AVENTURA |BUILD DE QUALITY|;imCervero
W9NMpYPFP4I;UCMaikIXU5cF6nS2YgJPYQsQ;Ruby Weapon Hour - Dark Souls (Part 17) 2017-11-05;PeachSaliva
#NAME?;UCTlPCQjV82s8lN2At3bOVpg;Dark Souls Lore - Ludleth of Courland;Silver Mont
FiSRYu6fhgI;UCSa-d35XCyltUYHZBDbq5mg;?? ?????????! // Dark Souls 2 ??????? #4;?????
9Cyi1iBwTcg;UCBH7-DyHHwIaOP7DTb4cV9g;Assassin's Creed Origins  - Dark Souls Easter Egg;Zay Jonathan
6DMpNd4q43g;UCODPpw7esA6NKnxgI7vK85w;L'HISTOIRE PART EN VRILLE ! [ÇAVAVITE!] Dark Souls #04;Need Backup !
gwjq2dK2XGQ;UCCqnN6ApN4VO9uKOpCoDxww;DARK SOULS 3: Are You Afraid of the Dark? | LORE in a Minute! | Lords of Cinder | LORE;LORE
8fLyzWOE3VE;UCj1VtyR2BOXs9aD5GWuzQNA;Havel der Stein! ...Dark Souls.;MythosOfPlaying
ZGeItSiAClg;UCwuKwSrT8Ha-lVjU-LwhMmg;Skyrim+DarkSouls - Arena++;Inpa
9Q9_Uea0OgI;UCSa-d35XCyltUYHZBDbq5mg;??? ?????? ???? ????? // Dark Souls 2 ??????? #2;?????
2hZRAOD7QWE;UC8JCpDIiCUFaSR5VUr7tyjA;DARK SOULS Lore/História - Nito, O Primeiro dos Mortos;Lar dos Games
4yfTjRi52ig;UCuKweXt85_48rxbd94Un3oQ;"Il Dark Souls delle Recensioni di ""Cuphead""";Sabaku no Maiku
STvKM4-hRGY;UCSa-d35XCyltUYHZBDbq5mg;???????? ???? // Dark Souls 2 ??????? #1;?????
2fjg65dL37c;UC4Wa6mgRXMalqTsdwgS0D0g;Dark Souls Meets Zelda;TheMasterOfDooM
heXUtbKQA8U;UCMR98HM7DeK21qydf885QhA;JAK PRZESTA?EM BY? CASUALEM - krótko o Dark Souls III (recenzja);ZagrajnikTV
EMes-Nv4kGs;UCHMIb2Xo03ri9FxFkktk3tw;??????, Dark Souls !;CustomStories
hFxqqpdzHCI;UCv19bD3h1dfYjVTj3v7R9yA;??????????? ? ???????. ??????? ? ???? Dark Souls c ??????? ??????????? (#1);4game
HO3bMgVVZXY;UCFiI5zUTV3WFODN6jIE1qxQ;LORE INFORMAL - GWYNEVERE, AMIGA DO PEITO - DARK SOULS #4;ERA Games
JWj0JR6oTb0;UCH7vazfQkjRfpCa7ShQH7lQ;??? ??????? ?????? - ?????? (DOTA 2, PUBG, CS:GO, DARK SOULS 3);GetFuckShow
1mqZxrXHcMI;UCqg5FCR7NrpvlBWMXdt-5Vg;Yahtzee annoys his girlfriend with Dark Souls (episode 10);Escapist
7Nred6gQEBc;UCG3DoKu53xn9b7s305-DHUQ;COMPARAN ESTE JUEGO CON DARK SOULS CON LO FACIL QUE ESTA? ENSERIO!?!? | Cup Head;ElFikuWTF!
8aWthBSuBpI;UCddN6tViXZMEOfvO-rqfbNg;LUAN GAMEPLAYS JOGANDO DARK SOULS 3 - PATRICK ME PERTUBANO;CANAL DO LUAN
Sc9j7YBcVO8;UCMbODX1-hUGwrGj-nvcDRPQ;Dark Souls Baby Eating Camera Meme ORIGINAL;The Shitpost King
ZpvL3nm_r8A;UCvax7WLz8o2UtGS-FL8bW4g;A DIFICULDADE DE CUPHEAD DEIXA DARK SOULS NO CHINELO?;HadesPlays
h1iVDnAliIU;UCkw-iv2kdXhLHh83SILvscQ;???? ??????? ?? Dark Souls ??? ??;GrinKing
ZRgKpMX7aPk;UCHMIb2Xo03ri9FxFkktk3tw;10 ?????? ??????? ????????? ??????? ????? ?????? ? DARK SOULS;CustomStories
JwLCcCh-j70;UCVIja5Pe_zflIDue13FUrmQ;E SE DARK SOULS FOSSE NA BAHIA? EP. #05 - Os humilhados serão exaltados;Seu Pimenta Tv
JwLCcCh-j70;UCVIja5Pe_zflIDue13FUrmQ;E SE DARK SOULS FOSSE NA BAHIA? EP. #05 - Os humilhados serão exaltados;Seu Pimenta Tv
7MhawL9Hbko;UCgX0bblDXkYxzcHGowin6YA;Dark Souls III: Original Game Soundtrack: Side C | Vinyl Rip (SPACELAB9);Anthony [TRP]
D3d4_6MAq4M;UCOWsWZTiXkbvQvtWO9RA0gA;Bifflé par un Dragon - Dark Souls Premier #3 -  Benzaie Live;BenzaieLive
GXc-v2j7624;UCVIja5Pe_zflIDue13FUrmQ;E SE DARK SOULS 2 FOSSE NA BAHIA? EP. #04 - Mais sustos que assistindo It - GamePain;Seu Pimenta Tv
iq44pQ6fIxE;UCdhRcZjw8rkqmAH3uURGrnw;??[LIVE]  DARK SOULS BOW / CONSUMABLES ONLY;Askaron
fKHw3-vmVEs;UCOWsWZTiXkbvQvtWO9RA0gA;Dark Souls Premier - Benzi au #Zevent -;BenzaieLive
QyOCRFq3t84;UCqg5FCR7NrpvlBWMXdt-5Vg;Yahtzee annoys his girlfriend with Dark Souls (episode 9);Escapist
0izioahNN9g;UCDastihMyACIIjjXc8LYn7Q;Moggy spielt den Dark Souls Randomizer. Cool. #1;MythosOfStreaming
zXEZxf_yVdw;UCo5_dTdIK2au04iKmJ-sWbg;Favorite Bosses: Slave Knight Gael (Dark Souls 3);The Leviafun
b4rHPH5d7z8;UCvax7WLz8o2UtGS-FL8bW4g;AS TEORIAS DE DARK SOULS MAIS MALUCAS;HadesPlays
RDs1pHQdr-Y;UCaWd5_7JhbQBe4dknZhsHJg;Dark Souls Top 5 Facts!;WatchMojo.com
CezIwfknhS4;UC1xpzaRR4NjC7AxidxGsqRA;10 ?????? ???, ??? ??? ?????? ? Dark Souls 3;GameInOnline
pxL9ASyZ8eU;UCSa-d35XCyltUYHZBDbq5mg;??????? ?????? ?????? // Dark Souls ??????? #5;?????
CVqJG3tXgnQ;UCVVAnxQ2YMC_qlc7QfPA2YQ;Dark Souls Chicken Wings! - World's Hottest Wings;AlmazanKitchen
gb6MNSChJ5A;UCVIja5Pe_zflIDue13FUrmQ;E SE DARK SOULS 2 FOSSE NA BAHIA? - GamePain;Seu Pimenta Tv
NpW-X9E7FlI;UCpLavhE9AO9DomXbhmNDE7Q;EN ESTE JUEGO MORIR ES LO NORMAL | DARK SOULS 3;Zirblake YT
#NAME?;UCvax7WLz8o2UtGS-FL8bW4g;POR QUE DARK SOULS 2 É TÃO ODIADO?;HadesPlays
UrpoSS2a6ek;UCjoKyJSPrvt4H9jX8iNV_2g;DOBLAJE DEIGAMER: DARK SOULS;DeiGamer
NQ8HEfAKmEE;UCqg5FCR7NrpvlBWMXdt-5Vg;Yahtzee annoys his girlfriend with Dark Souls (episode 7);Escapist
kr7-tPYQTm0;UCA7-KUzOQF-qk46knmCnCmg;¿UN DARK SOULS CHINO? - Sinner;Powerbazinga TV
8JJsQm9LK38;UCr4whHuwwQpHtHuc6Uq2A6w;IRON TARKUS SUCKS -- PAIGE PLAYS DARK SOULS (PEACHSALIVA AND THE RUBY WEAPON HOUR);QUICKSAVE
ME2cFTFBiwU;UCqg5FCR7NrpvlBWMXdt-5Vg;Yahtzee annoys his girlfriend with Dark Souls (part 6);Escapist
8GBg7HkpaJ8;UCOLBuf1DXEfdIccvGczNUzg;DARK SOULS LE JEU DE PLATEAU - En Plateau 15/06/2017;LeStream Replay
2OiRje1H2Mw;UCJ7bXZAJpeOU9eTgo5ET8hA;Intel HD 620 Gaming - Dark Souls 2 - i3-7100U, i5-7200U, i7-7500U, Kaby Lake;Brue Computing
Nr9D5C0QSJY;UCQYkkC3Eb_0p08VqWQECfnQ;Dark Souls 3 Lore | Los 3 protagonistas de la saga;Acre
IgFqrk0--y4;UC1CchA0SjApw4T-AYkN7ytg;???????? ????? ??? Dark Souls (2009 - 2016);IGM
6_zVwESfJvs;UCmEClzCBDx-vrt0GuSKBd9g;Dark Souls III -  Veja bem, Japão | NerdPlayer;Jovem Nerd
WJhwVFLTj0g;UCoprCp_dO4lrcIj2XOM39Hw;Dark Souls 3 - TwitchChat Defeats Slave Knight Gael;Wulf2k9
ypNtyMVV8S4;UCI3DTtB-a3fJPjKtQ5kYHfA;Dark Souls by BubblesDelFuego in 29:05 - SGDQ2017 - Part 132;Games Done Quick
q1xYYnOk1D4;UCI3DTtB-a3fJPjKtQ5kYHfA;Dark Souls 3 by ThorW in 1:27:47 - SGDQ2017 - Part 131;Games Done Quick
jy74uISxPsU;UCP9D9cyFUX6WYTNxbgGDeCA;Dark Souls 3 Lore - ????? ???????? ??????;Likoris
GYdIGcoTEWI;UCSa-d35XCyltUYHZBDbq5mg;? ??? ???????? ?????????! / Dark Souls ??????? #1;?????
5lhXPlMeiWw;UCqg5FCR7NrpvlBWMXdt-5Vg;Yahtzee annoys his girlfriend with Dark Souls (episode 4);Escapist
qzrojmrv5Xc;UCFiI5zUTV3WFODN6jIE1qxQ;AS MORTES MAIS IDIOTAS DE DARK SOULS;ERA Games
6EUDgSY0KY4;UCSfy5XgezSNmVZ9B8nuWYvQ;Dark Souls Kalameet vs Seath vs Priscilla - Colosseum Mode;GameModsVault
ydPqSvPWS9k;UC8E4APPCSMhdTILj4hZ52xg;70 Dark Souls Tattoos For Men;Next Luxury
sf7NRVZ2beg;UCFBkHej49dhdEx_td4tNcvQ;Dark souls 3 Soul Level 1 All Bosses:  Abyss Watchers;Opia
6dHoqFQ1w6s;UC5zM4nFLTXPsBjS7gQgQdxA;Dark Souls 3 / III: GTX 1050 2GB - G4560 - 1080p - 900p - 720p - 1440p;Santiago Santiago.
dujmXNaZAcA;UCHB8I3P20i-CJCA1yGbQLNg;Dark Souls III - What Happens After Journey 1000? (NG+999);Nemesis
ip6DjLtYwDA;UCZNuJMGQeAz6EDE8VbHfyxQ;How To Play: Dark Souls part 1;Jeviok
WoN7ewaRzrs;UCWdaIUrJ6A79Mrpb8cKetTQ;??????? ? ??????? ? Dark sousl 2;my0ct
b5U1gv-z9dE;UC1TATumw319yec1_yyTIaTg;Dark Souls társasjáték unboxing - kibontottuk a világ egyik legszebb társasát;GameStar Hungary
Qp_YlIIONas;UCogxlv0uDJyh6xBin3zalKw;"Dark Souls - ?? ""???????"" ???? (10 ????? ?????????)";WhyMe758
AB5dXOgerj0;UC4vIcQOyHOcjCgEAVsjenxg;If Dark Souls was made in 1998;98DEMAKE
deqUCKt-KXg;UCMaikIXU5cF6nS2YgJPYQsQ;Ruby Weapon Hour - Dark Souls (First Time! Blind, as in she is basically blind);PeachSaliva
c0CCphNb86U;UC6Psw3o1VVF8ssIn2kb3GyQ;[DARK SOULS III] ????????VS????????;cloudyheart1964
PADOjUlej4k;UCHMIb2Xo03ri9FxFkktk3tw;?????? DARK SOULS II ?????? [????? 2];CustomStories
5lEC4G2dCnA;UCE1QIfI8FV152bn1kN34gyQ;Dark Souls 2 - Scholar of the First Sin [??????? 2 ?? 2];PoleznyiBes
ruJmmAXNGpo;UCTh7R1L4pkFjDZ7z13VQ02A;Dark Souls 3 - ALTER DÄMONENKÖNIG ! PS4 Gameplay Deutsch German;MikeimInternet
O9cscIcmwCM;UCOOzVNnAm0z6v1ImCftzWnw;?Dark Souls 3??????;Ordinary Gaming Studio???????
djtx5BKv2Gw;UCbb4IPdEXxadJNtH7ySB0qw;The Ringed City Lore - The Pygmy Lords - Dark Souls 3;Cheps Gaming
PQYIzoY0FpM;UCj1VtyR2BOXs9aD5GWuzQNA;"Warum spiele ich Dark Souls 3 so ""falsch""";MythosOfPlaying
BYXhQaxH6ks;UCEL76i8dFgdi9ydxYQQFqNA;DARK SOULS - Dank Meme;Chen Long
m4Jyqb-3FHw;UC6FwRO2_a4nrqWJNN32M-Dg;Top 10 Scariest Dark Souls I Monsters;Creeps Plays
rih_B_MiAEk;UCEmx7uNWukZXs-prk2fgOPQ;Dark Souls Tribute: Three Bosses, One Fight.;TheSalamanderGamer
3adpZuw0EOs;UCXa_bzvv7Oo1glaW9FldDhQ;Top 15 Toughest Bosses In The Entire DARK SOULS Series;GamingBolt
MZuqoqFk0AE;UCUoRCmXoaqoVQqQUqSnDqpg;20 coisas que você não sabia sobre Dark Souls (SEGREDOS E CURIOSIDADES!);Victor Of Astora
K-gZbY2NZw8;UCnboXA87jQYdX-QQC-1OHZg;Dark Souls 3: #2 (????????);?????? Gamer
pR7FxVdM-7w;UCUSFFNOTuV3FSUEAozRRVJg;Dark Souls SL1 Capra Demon;IamMrLove
yQ-KezRVMFE;UCcu_SCx4ZLyh6741RLjR6IA;SBOHEM DARK SOULS;Agraelovo Let's Play Šílenství
CM6jfWnBjR4;UCb_EYwlp5u4fR61ZlxeyklQ;Como matar a Midir muy facilmente / Dark Souls 3;Kaont
MNgwmjtp03s;UCE1QIfI8FV152bn1kN34gyQ;Dark Souls 2 - Scholar of the First Sin [??????? 1 ?? 2];PoleznyiBes
0k1_vrBlaZs;UCE1QIfI8FV152bn1kN34gyQ;Dark Souls 3 - The Ringed City ?? 52 ?????? [???????];PoleznyiBes
iCufsXhC0jg;UCE1QIfI8FV152bn1kN34gyQ;Dark Souls 3 - Ashes of Ariandel ?? 43 ?????? [???????] 18+;PoleznyiBes
rtBznmly65I;UCDwuBAgOqE5K28JQzum1RgA;Hrej.cz Let's Play: Dark Souls III - The Ringed City [CZ];Hrej.cz
GyjqcZU98Tw;UCHMIb2Xo03ri9FxFkktk3tw;Dark Souls 3 DLC ? 10 ???????? The Ringed City;CustomStories
S3IvRJb-Xn4;UCMP3X1PXYxZ4Cc7OengYEiw;???????!! + ??Boss  | Dark Souls III ???? 3 DLC?????#3;??RangerEast
5VH88GNPEd4;UCmYfI3wPw8OnEzVIcXyWMKg;[GER] Dark Souls 3 2.DLC;Frisazo TV
DhrrdVorOJY;UCDastihMyACIIjjXc8LYn7Q;Moggy macht einen dummen Dark Souls Run! - mit Fully, Kegy & MAve #1/2?;MythosOfStreaming
Td3GAl8ugIA;UCN0NhNuihrzwIBQ93BlmLhg;GG-STEAM.ORG | ?????? ??? ??????? | DARK SOULS 3 ????????? | Z-STEAM.RU;Rich Luck Channel
9Y1zW_mrSgk;UCxingn9LZroSvVqhMlR67qg;"Dark Souls III: The Ringed City. ????? ?????????? ""?????????????? ?????"" | ????????? ?????????";?????????
TsTruWTyoqo;UCE1QIfI8FV152bn1kN34gyQ;????? ?????????? ???? - ????? ??????? ???? Dark Souls 3 ?;PoleznyiBes
W3lOKxvWNWM;UClPq0KRbJUWxrLXd3CONucA;Dark souls 3 Ringed City ??? ??????, ?????, ???? ? ???????????? ?????;Game Doctor
F5vGKNMP8jg;UCQe4FZvOOPLkh9trqM8aW-g;KNekro en Dark Souls 3;TheikACR
NZrjQzV8f50;UCncuMsyOBwyiTv-6rc8mq0Q;Dark Souls III GTX 1050 Ti vs. GTX 1060 vs. GTX 1070 vs. GTX 1080;wolfgang
AanUgwvWhGs;UCYK4GR6zNPJCs2WBrRQAPTw;5 ????? ????? ?????????? ??????? ? DARK SOULS!;????????
pHuk1WF4s_s;UC1pAUT1bL7fV9VBp3A6F8FQ;JOGANDO DARK SOULS POR COMANDOS DE VOZ;GEMAPLYS
PsMxktS122M;UCaiFOR6aIrvITYAD0j7LQew;DARK SOULS™ II: Scholar of the First Sin_20170307151722;Thomas Duarte
ZY6Xz9GUpcM;UCFFfGA991VRR4U8FNNs72Qg;Alle Spiele sind SCHEIßE! ...außer Dark Souls! | MythosOfGaming;MythosOfGaming
QuSI1RK9b2c;UC4V8tHw2iM5NjnrY5hQg8pA;Dark Souls 3 ?GMV?- [Erase My Scars];GAMER ANIME
XL1LLS_PMD8;UCCnR6Z2PwVKHYOV-MXsTnew;The Legend of Zelda: Dark Souls Edition | Breath of the Wild Memetage;Seanabonza
sKJ5XI7SK9c;UCCCTjDbfr688MgYl5FtZ7bg;"Dark Souls ""You Died"" Green Screen (30fps/1080p)";Sqotch 'Studios'
_aghOiQs7ng;UCPZZring891k7JVnr70dlIw;??? ?????? ? ?????? [Dark Souls];??????? ?.
SNcaEaXDXnY;UCC4dj65WLIAoUJlm42pIHhg;Skyrim SE - Dark Souls Mods Showcase;Master Quest Gaming
PAaphdebZQY;UCduYinVF2XmdCtN0UD0EX1w;Zombie Easter Egg + Dark Souls Easter Egg in Battlefield 1 und mehr!;megaquest
Z5LBvl8DVQ4;UCy3avhfHpBbbgwZpNvuVklg;Dark Souls Mod (Black Souls) - Afterbirth+;Hutts
5Q9tJ79L2Us;UCVMFDAVQJH2sxmc26PaV2sg;7 ?????? ?????? DARK SOULS;???????
v7JUn9kW0zw;UCe03ZeisnL6OMMN5Xgney2w;DARK SOULS III Lord of Cinders (Party of 4);KingHenryXIII
upBb7SgyHpg;UCJJdzFTV5SJ5I57UAbPf15g;Dark Souls 3 - Black Knight vs Abyss Watchers;x90z75ek2
aMET0Y9JEuw;UCHxOq6JWwS5NxzjOeAN6-IQ;Dark Souls 3 #01 - Entendendo Toda a História (Lore);NOPi GAMER
WOY3s9R5738;UCzRg3jeesFJ6Iofm3jR8a3Q;Dark Souls 3 ULTRA [RX 480][i5 6500][REAL FPS][1080p60];DanielMasterCrew
g38tk-NkbKE;UC2gS6JdP20-sSyZ23RprMww;Time for some DARK SOULS 3 parte 2 | Parodiadera;Parodiadera
#NAME?;UCqt2JDWeHYlnlPbyAPGyVkQ;DARK SOULS™ III glith almas infinitas!!!!!!! (funciona en ps4 2017);josuedss12 gamer
DSQYs7F4ZKM;UCNghxT0aJG9MAuZckBERT6A;Dark Souls 3 - Live DLC Epica, Finita Presto.;ilGattoSulTubo
xP4pGz-JRCY;UCFZd1gpOV8kv1HEUE3YjonA;[Dark Souls III] •??????????• Wycc220;ALEKSEY VM
1Ozxad6uxk4;UCP9D9cyFUX6WYTNxbgGDeCA;Dark Souls 3 - ??? 10 ????????;Likoris
6eOFySFXETo;UCkeMm6L96QVZAKetRJ-FXrw;??????????? ?????? - ???????? ??? ?????????  - Dark Souls 3 -  Man at Arms: Reforged ?? ???????!;TVG Live
UwzEbb8YHNA;UCM0mTLm8ZRgAAgpfL_hmfNQ;Radeon RX 480 + Phenom II 955: Dark Souls 3 Max. Preset;loloperroverde
eHRAop1AGpw;UCHpviz-vGnBfpQLwOw0PUYw;Dark Souls 3 How to duplicate souls (working glitch);Bacon Shreds
RJ07UO0dubg;UCI3DTtB-a3fJPjKtQ5kYHfA;Dark Souls III by bubblesdelfuego in 58:50 - Awesome Games Done Quick 2017 - Part 171;Games Done Quick
QCyO1sXKMfM;UCWO5oyxM_J18-Fs11RFKmow;hardest dark souls boss;rokamo
8gCRhzCG1hg;UCfYdPZB4V0KPF9lmy453iCQ;Dark Souls Taken To Court - Judge Rinder;Chokoloco
mOjUtUE9MlA;UC84XOWuP5-IiInbWhkgk9Cw;??? ????? ? Dark Souls III ? ??????? ??????;UNITEAM / ??????
qrqqm6LMpis;UCfrCC7GIoAt8HjWFXhENrnA;ALMAS INFINITAS Dark Souls 3 ( 2017 );GamerS SoulS
2raB8Gjmn_E;UC0AryWvQ0RPR5KRh1BLLVfA;Las Hijas del Abismo | Dark Souls 3 Lore;Zanoth
kV2E-_C0ar0;UCP9D9cyFUX6WYTNxbgGDeCA;Dark Souls 3 Lore - ?????? ?????? ???????? ??????;Likoris
7L-eib0RljQ;UCdOSjTCIJSsAAsMug6q8_Rg;DARK SOULS 3 ?????? ?? ????? ?????? ?? (2 ????, 2 ???, GeForce GT 630 1 ??);????? rempc by
eyh6dA4xtTQ;UCNghxT0aJG9MAuZckBERT6A;Dark Souls 3 - Il Recupero.;ilGattoSulTubo
RpyWQ40C08o;UC3naiRIN8f4grIG0vn2r7lQ;Gémbot | Dark Souls végigjátszás 1. rész: Undead Asylum;SuperCsubi - A Dühöng? ?rmedve
YktcaFQoRDQ;UCEmx7uNWukZXs-prk2fgOPQ;[ThePruld] Dark Souls Berserk Anime OP (Read Description);TheSalamanderGamer
WRPMQXc3rEU;UCjxDeVWnBBS3bgNvFDytZiw;???? ?? Dark Souls 3 ????????????TAT gor fans???????;Tat Story
vCZLrUd8JiM;UCOWsWZTiXkbvQvtWO9RA0gA;Dark Souls'Vania ? - Kickstartez-moi ça ! - Benzaie Live;BenzaieLive
cP9le2jWoeY;UCwxp3jXrGx6i-X8Iwx4vvQQ;??????? DARK SOULS 3 - ?????? ??????;Kvodan Wj
JbSBlc44sbU;UCHMIb2Xo03ri9FxFkktk3tw;??????? ??????? Dark Souls III. ??????? ???????;CustomStories
sKGIUfxKxzg;UCAAylfOqx0Q2THZ4VVIWyFQ;Dark Souls 2 (2014) ?????????;???? ????
LT7FOXmYKog;UCOOzVNnAm0z6v1ImCftzWnw;?Dark Souls????????????????  | Ash of Andariel's Lore;Ordinary Gaming Studio???????
9zXb0YfSWHc;UC4gidRHpFnOlihy3WBVBKvA;restt hrá DARK SOULS 3 | Funny/Rage zostrih | /resttpowered;ThomisTV
C2oPT_C8iQQ;UCoqDr5RdFOlomTQI2tkaDOA;Dark Souls 3 = Easiest Game;ForsenTV
sbYQcN_TOpU;UCpzaiwS4vTkJsiCP-zwhPMQ;DARK SOULS 3 DLC | Ashes of Ariandel | Empezamos bien!;Tigry86
zx8ZeM9Xci8;UC8-BXeM2NQ2ynKgaCa7Xvzw;Dark Souls III - Ashes Of Ariandel;Sedge Sedgicus
cfi1_btKoiE;UCRSQ_EudkkVJM6yiwg2iM9w;Dark souls III ashes of ariandel EN ENTIER - On Va souffrir un peu ensemble;OxyDoRe
kwK5bIYFyZY;UCqZRCEQYar0TAUBfNlGs9Yg;Tilt Brush - Artorias The Abysswalker - Sif - Dark Souls 3 - VR Painting;vrhuman
PcczSRa1N6Q;UCNf9cBLO7Vq_dMPun7HDGxw;Ire: Blood Memory | JUEGO TIPO DARK SOULS PARA ANDROID;El Poder del AnDrOiDe VeRdE
bHuCfF8iHMQ;UCZHB1VEu3ouE6lnf_kIUEyA;[FR] Dark Souls 3 Lore - Confluences Temporelles - Explication de l'univers - S2E02;SKXproduction
IutiUkTU7NE;UCh63ix_zs3s1c443rzF65Dg;?????? ? ?? ???? ????? DARK SOULS (????????);????? ???
UAll17bXwic;UCMQSwUNSnMOP4IRysfeg8EA;LE JEU VIDEAL - Dark Souls 3;Simon Puech
z_KytDXfp4k;UCVY5WsnGa21NVDG70-g6kEw;Dark Souls III - Ancient Wyvern - LEGIT MELEE KILL (NG+7);Ray Dhimitri
U0rbo3Fab2E;UC8hN9jTkKfLIq8KU3A7jO_w;Dark souls spicy Meme;Splinterbee
988dOzYnT2g;UClPq0KRbJUWxrLXd3CONucA;Dark souls 3 ??????? NG+7 ?? 102 ??????|?????????|?????? ????;Game Doctor
p-yps5okECU;UCiL_N6axA7t7Vwxo9W-gsVQ;Carpenter Brut - Le Perv (Dark Souls 3 GMV);KenStarSol
5uQE5lgVOwQ;UCP9D9cyFUX6WYTNxbgGDeCA;Dark Souls 3 - 10 ?????????? ???????;Likoris
fvQqffpJAYM;UCTOgpxTnPRYNeF6-qxWQCcg;Dark Souls Lore | Carim, A Comprehensive Look;Mitch L
mEfPD2x6EY0;UCh63ix_zs3s1c443rzF65Dg;??? ????? DARK SOULS ?? 3 ?????? (????????);????? ???
sw7TuFO5s1w;UClPq0KRbJUWxrLXd3CONucA;??? ??????? ????? ?????????? ? Dark souls|??????? ?????? ??????????;Game Doctor
6yqrPoG3OPI;UCYW45MHXiBHQ8KMK_79VwEQ;Dark Souls ENTIRE Storyline in 3 Minutes! (Dark Souls Animation);ArcadeCloud
Gitgq-E9GA0;UCwxp3jXrGx6i-X8Iwx4vvQQ;Dark Souls 3 | ??????? ???? ?????? ?? 1:22 ?? ????????? ??? ????? [Speedrun by Kvodan];Kvodan Wj
Ze08GiCi-iA;UCoal_hpPIPAnWlG-kWHLheA;New Dark Souls Monsters;The Drawfee Channel
OlAQ95dRFeo;UC4lscv3AWUHbhdIb-ors3kA;Dark Souls and Depression;ParagonDS
C-zhgFb7XuY;UCcAQJDkK-Xf-YGCGAdAY3Ig;??????????? Dark Souls 2: Scholar of the First Sin — ????? 20: ????? ??????.??????? ????;??????? ????
E4D1cLTrQNM;UC_QbuhnR5rYOu1NRq7Qh5lA;Zonas para Farmeo de Titanitas, Hueso Dragón y Ascuas | Dark Souls 2;Coya Raza
4PssScq6m90;UCNqN7k7qUKVhYQb5DLEDdaA;BEST OF SARDOCHE #8 - MARIO SUNSHINE PLUS DUR QUE DARK SOULS ?!;Best Of Sardoche
RipqL1SmTqw;UCi2M0mTe-It58PBFhAvUxAg;Dark Souls III GMV - In The End;LegitSniper
Zg93BwctqsM;UC3DZTsVTZEEUgoZN5AfJHLA;Dark Souls 3 ???? ????????? ?????????? ???????;GameZOiled
yrZwqw2iYRM;UC3-87zhQFd6poByHjBVyJwA;Analisis Dark Souls - Un Imperio de Polvo: Fading Flames;Talking Vidya
-4FviR3iEwA;UCwNUvFnzaSFzJJy6YnvgKwQ;YO AQUÍ YA HE ESTADO | Dark Souls 3 (Ep 29);Outconsumer
lFd7YWnNghg;UC-3QwnB0mefZMnPjAqOyNkg;???? ???? ?? ?????? ! | Dark Souls 3;d7oomy_999 | ????????
tXgO72tLR4Q;UCdiWimr4z6gJIoPWfCBiccw;Dark Souls 3 - We're still in farron...;JayJay Golden
lUV9REuzFYA;UClPq0KRbJUWxrLXd3CONucA;Dark Souls 3 100% ???? ??? ?????? ???????|??? ???? ??? ?????;Game Doctor
s6nsDAAOCBA;UCA7-KUzOQF-qk46knmCnCmg;Dark Souls 3 Gameplay: JARDIN DEL REY CONSUMIDO Y TUMBAS OLVIDADAS - Aquí hay muchos secretos! EP.18;Powerbazinga TV
Sr49Lni5C2Q;UCf31Gf5nCU8J6eUlr7QSU0w;"Dark Souls III ""????, ???????, ?????""";Mr. Marmok
dfGLtEmwNf4;UCRZglZD3Zbz6fgz5IzMXcGg;?nceleme: Dark Souls 3;Dost Kayao?lu
9JBHxwUc-dE;UCcAQJDkK-Xf-YGCGAdAY3Ig;??????????? Dark Souls 2: Scholar of the First Sin — ????? 10: ????? ?????;??????? ????
qMKRx4MB1WI;UCcAQJDkK-Xf-YGCGAdAY3Ig;??????????? Dark Souls 2: Scholar of the First Sin — ????? 8: ????: ?????? ???????;??????? ????
08h3HADwNXU;UCL7JL6A3ClFkopUVlugiVZg;Darksouls 3 EL ARGENTINO CAGÓN! en Español - GOTH;Jaidefinichon GOTH
tT53bMRwNfU;UCcAQJDkK-Xf-YGCGAdAY3Ig;??????????? Dark Souls 2: Scholar of the First Sin — ????? 6: ????: ???????? ??????? ?????;??????? ????
eYakBRC6my0;UCMxsVULY_qsk_aNdAqzcNUA;"DARK SOULS 3 - #17 ""The World, the Flesh and the Devil""";YotobiGames
_2cx8guH8Nw;UCL7JL6A3ClFkopUVlugiVZg;ABUELITA CONCHATUMAREEEEE! Dark Souls 3 en Español - GOTH;Jaidefinichon GOTH
n1qciVz2ZiE;UChR6awZw5-JQjn20GHwiWpg;Dark Souls 3 ???? • ?????? ????? / ???????? ?????? ????? / ????? / ??????? / ????;Keradan Bonfire
y6yc-bj4t20;UClNSdNAqetoA97IG9zvscow;Dark Souls 3 LORE: Solaire y El Rey Sin Nombre - ¿Quién es quién?;La Caverna del Gamer
2_w2-bJfeGk;UCuzSf-br9ZeRgENoq38jykg;(UNDERTALE) (DARK SOULS) (COMIC DUB) Dad comes to visit;Xeno
099b0DJnbdg;UCtqv_K5xr-OSViDaFgsFbPQ;????? ??? ???????? ? DARK SOULS III [STREAM];Alina Rin
THWREum55RE;UCP9D9cyFUX6WYTNxbgGDeCA;??? ??? ?????? Dark Souls 3;Likoris
8NwRIYXBW1s;UCOOzVNnAm0z6v1ImCftzWnw;?Dark Souls????????????????????? | Abyss Watcher 's Lore;Ordinary Gaming Studio???????
yCG5VEmWrYg;UCu6ZNviE_We4vDlcTLYSP-Q;Jak pobra? i zainstalowa? Dark Souls III + update[torrent];FullMcd
HzvWotXtP4c;UClYtdvVzG9Os8DrVWG4KWkw;Dark Souls 1 Boss Fight: Manus, Father of the Abyss;Movie Muscle
02IBeEyjMFY;UCmYBTQilY7p8EQ9IsyA3oLw;GREATWOOD TRIALS • Dark Souls 3 • Ep 8;Cow Chop
BRtMYU16zLE;UCWeg2Pkate69NFdBeuRFTAw;J'AI RÉUSSI MA VIE. (Dark Souls 3);SQUEEZIE
wHATT1u0iaU;UCwxp3jXrGx6i-X8Iwx4vvQQ;Dark Souls 3 | ??????? ?? ????????? ?? 1:28 [Speedrun by Kvodan];Kvodan Wj
yGd7XNhjyBI;UClNSdNAqetoA97IG9zvscow;Dark Souls 3 LORE: Los Vigilantes del Abismo y las Tumbas Olvidadas - Historia y Teorías;La Caverna del Gamer
QvsMxTyPjf0;UCgNm-trMat6YlTCg6pcL3Ag;DARK SOULS IN ALTRI GIOCHI;GearBlastGaming
#NAME?;UCmYBTQilY7p8EQ9IsyA3oLw;VALENTINES DAY CARDS • Dark Souls 3 • Ep 5;Cow Chop
o7WKvPeQba8;UCEArja5slNmUXjN2rO7Z3RA;Dark Souls - Did You Know Gaming? ITA feat. Sabaku No Maiku;Orion - Web Dubbing
YS-12VI6UWE;UCE1QIfI8FV152bn1kN34gyQ;Dark Souls - 10 ????? ??????? ?????? ?????.;PoleznyiBes
1PW3KgIXqe4;UChR6awZw5-JQjn20GHwiWpg;Dark Souls 3 ???? • ??? ?? ???????? ?????? ????? / ?????? / Poise / ????? / ?? ??? ?????????;Keradan Bonfire
D_hLPg5zdhw;UCEq19675KJXfZ5kdOubyPYw;Dark Souls 3 - DESAFIO BLINDÃO SOULS || Jogando com Damiani;Damianizando
QshxXM8HiB8;UCHNyWpWmtNIJNpD1idLQSMQ;FANTOZZI in DARK SOULS Prepare to VENGHI edition;Emanuele Campigli (ZeroMic)
Fp_OAvPEgrs;UClNSdNAqetoA97IG9zvscow;Dark Souls 3 LORE: Los Príncipes Lothric y Lorian;La Caverna del Gamer
4hq_FIasojk;UClNSdNAqetoA97IG9zvscow;Dark Souls 3 LORE: Oceiros, El Rey Consumido - Historia y Teorías;La Caverna del Gamer
mPBayGC2xVA;UCcAQJDkK-Xf-YGCGAdAY3Ig;??????????? Dark Souls Prepare To Die Edition — ????? 28: ???? 19: ????? ?????? ???;??????? ????
CPBIFq5suTM;UCCY9Z4jRFaGxMr_tglHV5-w;La Storia del Mondo di DARK SOULS spiegata in 8 minuti;DadoBax - Feel the VideoGames
ZxqMTy8KT34;UCmYBTQilY7p8EQ9IsyA3oLw;CHARACTER CREATION • Dark Souls 3 • Ep 1;Cow Chop
Aq0_S5lhMeg;UCGH4Wx-WL10iB4ZAdewkuDw;Dark Souls III no Baratinho: morrendo, morrendo e morrendo!;Adrenaline
E0iEUSZjoQI;UCcAQJDkK-Xf-YGCGAdAY3Ig;??????????? Dark Souls Prepare To Die Edition — ????? 27: ??????? ????? ???????;??????? ????
syzlQTpmZ_c;UCuKweXt85_48rxbd94Un3oQ;"""Phenrir II"", Dark Souls III Blind Run - L'Anima della Scoperta III [33]";Sabaku no Maiku
3-BdB-6ACK8;UClNSdNAqetoA97IG9zvscow;Dark Souls 3 LORE: Aldrich, el Devoradioses - Historia y Teorías;La Caverna del Gamer
GDvY7Y5TXHg;UCQvTDmHza8erxZqDkjQ4bQQ;[1/4] Dark Souls II mit Gregor, Sia und Bruugar | Speedrundale | 14.05.2016;Rocket Beans TV
aa-J1sARL2o;UCNvzD7Z-g64bPXxGzaQaa4g;Top 10 Dark Souls Facts You Probably Didn't Know;gameranx
zjsNPbDBC70;UCY7wa5woa8URPSxIO9eGCBQ;DARK SOULS™ III - Utiliser la force de l'ennemi contre lui-même !;psykomatik
FKKXYLYouXg;UClKcIC_cHc96uC1JOC72Wyg;DARK SOULS 3 ?????? ?????????. ???? ??? ????????;AstronautPLAY
glsTlLaPP2U;UCIp9MlCopTE2SQE5K8bScVg;Dark Souls 3 - LORE / HISTORIA - Principes LOTHRIC & LORIAN - Maldição e Destino;CharleZ BronsoN
Sr_i774sJmc;UCY-aY6fAqJauPWfxZ7HTZig;??? ?*?????? Bonfire! (Dark Souls 3 #2);2J Games
tEgdYOKsI_k;UCrj4FIhpPWUpysa55fzA-2g;Top 10 - Jefes de Dark Souls III ( CrossTop );XOver TV
j-SsH6hTEc4;UCP9D9cyFUX6WYTNxbgGDeCA;Dark Souls 3 - 10 ??????, ??????? ?? ????? ?? ?????;Likoris
QWq6JdWtnQo;UC6scQH5jmzTnrRlfb1QsJfw;LEMMiNO 10??? ???? ???? Top 10 Fact - Dark Souls;????
L_VcumT7QuY;UCyS4xQE6DK4_p3qXQwJQAyA;Dark Souls - Did You Know Gaming? Feat. LEMMiNO;DidYouKnowGaming?
smJeNfTREcA;UCcn4xLviOE7mYVui13YWvRQ;[ThePruld] ???????? ?????? [??????? Dark Souls];?????????? ???
4JAQ0aZeUtc;UCIIbX7299ioJmJguUKBJdGw;Dark Souls III - Guia Completo #02 - Grande Muralha de Lothric;Tiops
Jj2kfQaD3hA;UCeB1xgbJYCsHkWk2aKurUDA;Leyendas de Lothric ? El lore de Dark souls 3 (Santuario del enlace y Ludex Gundyr);BitielAventura
Kwa-gvDWLfM;UCIp9MlCopTE2SQE5K8bScVg;Dark Souls 3 - HAWKWOOD - COMO SE TRANSFORMAR EM DRAGÃO! - QUEST COMPLETA (C/ COMENTARIO);CharleZ BronsoN
EqdbB82mdPI;UC6YeDetDZC_9YMGQ5CmtfGQ;Dark Souls III: Ciao Darwin Edition;RedDeadPanda
42abVXiwVu8;UCNkbEUMdOfAkurKkFdxu3pA;Dark Souls 3 - ????: ?????? ????? ??? ????? - 1000000 ???!;???????? ????
0m22bbn3qOw;UCNFmubY6C9pIjiSywu2hV6Q;Dark Souls 3 Lore The Lords of Cinder;Carnate
mx8Ef9fu8O8;UC6YeDetDZC_9YMGQ5CmtfGQ;Dark Souls III: Prepare to Ciao Darwin Edition;RedDeadPanda
WY1HQ_pxj08;UCy8OtXK-tZTvBzku7Li1GKQ;Dark Souls 3 2 1 Crack Humor Pt:1;OMG GAMES
nhFRytOjWj4;UCwNAc3GGeUU08uPwKcWbLlg;????? Dark Souls 3: ?????? ???? ?????;Jakir Channel
huTX2JsdwkM;UCjqHhIJDLGj7DuVztzklY_A;FIRST-TIMER IMRE ISMERKEDIK | Dark Souls III #1;GameDayIroda
4mP0si5AgB8;UCL7JL6A3ClFkopUVlugiVZg;EL REGRESO DE... Dark Souls 3 en Español - GOTH;Jaidefinichon GOTH
TcmaZYJMWmY;UCBKmBLli8lI497XFOhuPiGg;Dark Souls 3 | ????: ??? ????? ?????????? ?? 2-??? ?????.;FFLighto
W2lEzZkpoM8;UCdSlWMH-GorgJ6NtsFVRpnw;Dark Souls III ???? ???????;Wayne U
jWYZeu9DlSM;UCIp9MlCopTE2SQE5K8bScVg;Dark Souls 3 - LORE / HISTORIA - ALDRICH O Santo Devorador!;CharleZ BronsoN
jsywt74KE9A;UCIQ1PyEVzV2sc4CXHKH2cSg;??? ???? Dark Souls 3 (Cartoon Parody);Dobryak
Ulywls8HgJ8;UCtdVDhQ1WoMuuDcEk6vnylw;??? ???? Dark Souls 3 ? ????? ?????  (????????);Duke Wayne
YPIfmDPd2Ow;UCrt_PUTF9LdJyuDfXweHwuQ;Chroniques de Mr. Plouf #76 - Dark Souls 3;Monsieur Plouf
afIyUI8EDik;UCTvBRhdGaorGecbKDPQb1Yw;Dark Souls (Feb 19, 2016);Dodger's Twitch Streams (unofficial)
eJFvUwxRJxw;UCH7vazfQkjRfpCa7ShQH7lQ;???????? ??????: ?????? (CS:GO, DOTA 2, DARK SOULS 3);GetFuckShow
PCxd5SwiSFc;UCxKrf2zGbarAs-3zu_OQ-tw;I 20 VIDEOGIOCHI Più DIFFICILI di Dark Souls 3;PLAYERINSIDE
CGOF2qT6B5c;UCnV_laXNU30kB2fmFDEWrUA;???? ??????? ??????? ????? ? dark souls III;ROFL CHANNEL
TprUUgjhHF0;UCtCGyshXZEmzYZUwl6fqMOw;[Dark Souls 3] ??? ????? ????? ????? ???????? ??????? [ ?????????? ] (Pontiff Sulyvahn easy kill);23edsa
qGxvmwYceLI;UC8vP_6JYxOaLIRTnmzin_Aw;Dark Souls 3: Como Pegar o Set do Solaire;Mano770
b_aDGiSj2QM;UCM1SGyZ01eFPYR8hR2u_0gg;CANCIÓN QUE USO ELRUBIUS EN DARK SOULS 3;NoMoreCopyright
Rsn6I7qOhc0;UCB5WM5HAoJwRMe4OHDzeIOw;??? ???? Dark Souls 3;Stranded Orange
LVhybVXK75Q;UCMP3X1PXYxZ4Cc7OengYEiw;?????Dark Souls ????1&2 | ??????? (????);??RangerEast
dH94oC-hJY8;UC9bmm39kDswaGNTbbOzmqgg;Ludleth of Courland Dialogue (Dark Souls III);Sir Fist
UX1hO83c6u0;UChY4uYKXZyIx-E86mE_3scA;PRAISE IT! Dark Souls III [NO SPOILERS];Tartarus Cast
Y1ioGAyilfo;UCCY9Z4jRFaGxMr_tglHV5-w;3 Cose che devi Sapere prima di Comprare DARK SOULS 3;DadoBax - Feel the VideoGames
NpX-wsFBsFg;UCoLnSKtdqwg46RSJUdUy-nw;10 Curiosidades Que No Sabias ? Dark Souls;Cinamer
7cSsmhEKCpc;UCwNUvFnzaSFzJJy6YnvgKwQ;POR DETRÁS, SIEMPRE | Dark Souls 3 con Lou | Ep5;Outconsumer
zLwc2idNdho;UCQb6W0vblp5ewU75watnqQQ;?DARK SOULS?????????????? #1 ????????;???????
ur7VlXKg90Y;UC6bTF68IAV1okfRfwXIP1Cg;? DARK SOULS 3 ?? ????? [21+];itpedia
FneHTyVEqcw;UCcAQJDkK-Xf-YGCGAdAY3Ig;??????????? Dark Souls Prepare To Die Edition  — ????? 5: ???? 4: ?????????? ??????;??????? ????
OLxbhnFBM3c;UCnwbqsjBjKvCT-I0ZghIM7w;DARK SOULS 3 - SECRETOS DEL PRINCIPIO | Las Aventuras del Hechicero Cobarde Atlas;Atlas
uRvXa1F2yL0;UCZPNYzbniSuTzzfF8XXlP3Q;DARK SOULS III nope moment #1;Thijs
jQz5LbUyNig;UCBUr2Rn1gpPqJYBj-sEBqeA;Dark Souls 3 | Guia Bosses | Derrotar a La Bailarina del Valle Boreal;DaniJunny
#NAME?;UCsTpmc6NjJzUSUiOA1WA0OA;DARK SOULS 3 - INÍCIO da HISTÓRIA com o DESPOJADO #1;DMenor11
8BsQ7anqdFc;UCGUioiyO-0SfMZReB742oYg;DARK SOULS 3 ? ?????? ???????;HIKARO
cLWZQHGP-mM;UCSq0BnB21GflZ45QAKZrSRg;DARK SOULS 3 - ??? ?????;BaleHTIIIH
CPdJMDg24DA;UCYsS3SON69FIr-K3E3Czvpw;Dark Souls 3 #3 - Infarktové leknutí! [CZ / ?esky];Sterakdary
IsswA4WfqdQ;UCY-aY6fAqJauPWfxZ7HTZig;?? ??? ??????? ????????? (Dark Souls 3);2J Games
OIXZoTturUU;UCwJW0LTXpAprB-Cw77X8ZYQ;Dark Souls III Part 1;The Professor
Sw_H3axayCg;UCcAQJDkK-Xf-YGCGAdAY3Ig;??????????? Dark Souls Prepare To Die Edition  — ????? 2: ???? 1: ????? ?????;??????? ????
dt4-K5-4IUQ;UClPq0KRbJUWxrLXd3CONucA;Dark souls 3 ??? ??????? ????? ? ???????;Game Doctor
TcSiqgkz7Ts;UCzRg3jeesFJ6Iofm3jR8a3Q;Dark Souls III A10-7850K GAMEPLAY [REAL FPS];DanielMasterCrew
Khi7NcukvGc;UCDvVbwE4t9_VwWnciYHCq9A;DARK SOULS III | ?????? ?????;Maskit Vape
84looXnnifs;UCbdfUWlkDxtDMojmn3w-IoA;Dark Souls 3 ???? ??? ????????;??????? — ???????????? ????? ???????????
i10BfxecROc;UCg53HWQKuqaAV2u-Acwn7-g;6 Games Harder Than Dark Souls 3?!;AlltimeGaming
RmoZWHSRW1Y;UCDsh4lseyfsUW9XnA-9J5iA;(Decouverte) Dark Souls 3;Naito75
cQiykg4DBiE;UCYsS3SON69FIr-K3E3Czvpw;Dark Souls 3 #1 - Mlátíme strom do vajec [CZ / ?esky];Sterakdary
HuBHhkATPsQ;UCK3-qzfusXYkeOHa9t3n4Gw;Dark Souls I & II Story, Explained;Ally Mushka
kGsWMLbvdhQ;UCGzD1IY8AIqknO3c8LRwUEw;Dark Souls III: estas son sus tres mejores alternativas;Softonic
1808LmWeO3Q;UCwkx9CAsjmRVLIDocm-JzlA;"[??? ???????????] Dark Souls 3 ??????1:""????????????????????? Dark Souls""";9th TEARDROP GameTeller
cQiykg4DBiE;UCYsS3SON69FIr-K3E3Czvpw;Dark Souls 3 #1 - Mlátíme strom do vajec [CZ / ?esky];Sterakdary
HuBHhkATPsQ;UCK3-qzfusXYkeOHa9t3n4Gw;Dark Souls I & II Story, Explained;Ally Mushka
kGsWMLbvdhQ;UCGzD1IY8AIqknO3c8LRwUEw;Dark Souls III: estas son sus tres mejores alternativas;Softonic
tseb1V3YpWs;UCogxlv0uDJyh6xBin3zalKw;Dark Souls 3 - ???????????/???? [01] - ????? ?????? / Iudex Gundyr;WhyMe758
1808LmWeO3Q;UCwkx9CAsjmRVLIDocm-JzlA;"[??? ???????????] Dark Souls 3 ??????1:""????????????????????? Dark Souls""";9th TEARDROP GameTeller
IoiXv2T13pw;UCZolugOy6c_hKdkcRHis1cA;Dark Souls III - Edición Coleccionista - PS4 - Unboxing;Francisco Beltrán
3ZxkOF3CCuo;UCD-NZ6Gm9jk1MvjVLRT1NOw;DARK SOULS RAP - Alabado Sea El Sol | Keyblade;Keyblade
MEowroEcOug;UCkxFkezmc69FSQAI9tOaxmA;[ ???? ] ??? ?????? ???? Dark Souls 3 ?? ????? ????????.;????? ???????
aAVii8mvS88;UCw-YHrwBmhrwURTkI9L4KTg;Zagrajmy w Dark Souls 3 [#01] - Pocz?tek i BOSS;Demonidias
8DYinRQYH-0;UCnSlIWNcV-a0n2XtBtJ9FgA;Dark Souls III NOPE;NGrant
G9fJApcWQS4;UC3-87zhQFd6poByHjBVyJwA;Dark Souls: La Maldición del Undead - Talking Vidya;Talking Vidya
9eqC7rgx1JU;UCNz5474yx24nxVygk6kunLQ;Dark Souls III - Lekker spelen;Lekker spelen
onlpwHRRvro;UC0dlKJ3o2FWsmEjlf6vwpJg;DARK SOULS 3 + DLC | Niño Ratón Ep.06;Narehop
UQenvQiPK-w;UC5aZAkxSm7-DQ0WBY0OXmAw;Dark Souls 3 - iGPU Intel HD 530 (Core i3 6100);Marcin Jaskólski
g41pNdTQOtw;UCtSP1OA6jO4quIGLae7Fb4g;[01] Dark Souls III mit Etienne und Colin | Knallhart Durchgenommen | 08.04.2016;Rocket Beans TV Gaming
yJ-C4F4zkoE;UC33X-lEDgiHMLNbyRSNP5DQ;Live. Dark Souls 3. ????, ?? ?? ?????? [????????-??????];More Games-More Fuun
kolwrHzQXOc;UCRZglZD3Zbz6fgz5IzMXcGg;?lk ?zlenim: Dark Souls III;Dost Kayao?lu
GiPULgIR_IM;UCcwiJxg3JMhCERZAwa6OnPg;A Dark Souls története - 1. rész;Tamás Horváth
9gXXUTmDsAQ;UCcAQJDkK-Xf-YGCGAdAY3Ig;??????????? Dark Souls 3 — ????? 28: ???? 9: ?????? ?????????? ?????;??????? ????
yIwXxuPAvdA;UCuKweXt85_48rxbd94Un3oQ;"Dark Souls I & II: una Sintesi - ""A Tale of Lords and Souls""";Sabaku no Maiku
jIyaHSWCOW4;UCTyA1ortyWPc1uLF5cbzluA;???????? ?????? ? Dark Souls 3 [???????? ???????];Mad Highlights
yj27J4bF32I;UCsocg1sWGtngv-LxcgTlp_g;Artorias of the Abyss | DARK SOULS MOD | Gmod;TheFrankoFactor
6GM1WhdLBG0;UCli6CHS7NDmDPnTb-vHpu2w;Dark Souls Prepare to Die Edition - ???, ????? 1;??????? ????????
G-N3Qafy9nc;UCkYEKuyQJXIXunUD7Vy3eTw;107 Dark Souls Facts YOU Should Know | The Leaderboard;The Leaderboard
ToYXJ2QbGQM;UCEvsVMvyASdZnjV7KeRI4jQ;??????3 ?????????????????? ??????DARK SOULS III;Cero Games
Aw6Chuo6zqM;UCcAQJDkK-Xf-YGCGAdAY3Ig;??????????? Dark Souls 3 — ????? 12: ???? 3: ?????? ??????????? ???;??????? ????
mzY1HbA6iGQ;UCIp9MlCopTE2SQE5K8bScVg;Dark Souls 3 - CHEFE SECRETO - Antigo Rei Demonio (COMO MATAR / ESTRATEGIA);CharleZ BronsoN
TQ-pKPLrj34;UCIp9MlCopTE2SQE5K8bScVg;Dark Souls 3 - CHEFE SECRETO - Rei da Tempestade / Rei Sem Nome (COMO MATAR / ESTRATEGIA);CharleZ BronsoN
tFpsTie8i1g;UCIp9MlCopTE2SQE5K8bScVg;Dark Souls 3 - CHEFE SECRETO - Wyvern Anciao (COMO MATAR / ESTRATEGIA);CharleZ BronsoN
mEkJk29eYbg;UCIp9MlCopTE2SQE5K8bScVg;Dark Souls 3 - CHEFE - Matador de Dragoes (COMO MATAR / ESTRATEGIA);CharleZ BronsoN
3hPmbLA-v2Q;UCuVIWETFdxzwlHEHMbhm2_w;Dark Souls 3 (Preview) : A Primeira Meia Hora;Zangado
Y7Ghq5vj3dY;UCcAQJDkK-Xf-YGCGAdAY3Ig;??????????? Dark Souls 3 — ????? 10: ?????? ????;??????? ????
SsZPpDS6q5E;UC_N3ZwlXnmIN2t1BdZ-5Yhw;Maddyson ? Dark Souls 3  26.03.16 ????? 1;MaddyStream
qEBdqazaAYk;UCcAQJDkK-Xf-YGCGAdAY3Ig;??????????? Dark Souls 3 — ????? 9: ???? 2: ????????? ??????? ?????;??????? ????
ZWB1T-KysXY;UCcAQJDkK-Xf-YGCGAdAY3Ig;??????????? Dark Souls 3 — ????? 6: ?????? ?????;??????? ????
h0PH3pkqaLs;UCcAQJDkK-Xf-YGCGAdAY3Ig;??????????? Dark Souls 3 — ????? 4: ?????? ???????;??????? ????
fKffTJCwo_4;UCsHTNeUTz5rvsr6rhSAcsTw;????3?Dark Souls III????? ???;doraiba
3oCpbWYBOKA;UCJhmYcKAIvi2dS3X-tXkLpQ;?????DARK SOULS III????????PART1???????3/PS4?;tubegameplayerAnna
FKhqcSxOKN4;UCHxOq6JWwS5NxzjOeAN6-IQ;Dark Souls 2 #04 - FINAL - Entendendo Toda a História (Lore);NOPi GAMER
LUVVV_bNCoY;UC8JCpDIiCUFaSR5VUr7tyjA;DARK SOULS Lore/História - Ornstein & Smough;Lar dos Games
3VN6hd3rrlo;UCA7-KUzOQF-qk46knmCnCmg;DRAGON'S DOGMA GAMEPLAY: Alternativa a Dark Souls?;Powerbazinga TV
yfUqxqhhZy0;UClNSdNAqetoA97IG9zvscow;Dark Souls LORE: Óscar de Astora - Historia y Cusiodidades;La Caverna del Gamer
bVyfY6b3Itc;UCFvn1IU3BD0z_CnnNIqXDKQ;#TATUAGEM SIF DARK SOULS;JanTattoo
KZiDCpt4AI4;UCHxOq6JWwS5NxzjOeAN6-IQ;Dark Souls 2 #01 - Entendendo Toda a História (Lore);NOPi GAMER
xsBO3R-IcG4;UCdUpLU3heBnfZMkgaicyuLg;Dark Souls II : ??? 10 ????? (?? ??????? );?????? ???
221lLBt7Lik;UCy9rUekkcH1H9dgearp2kTw;Mango Gets Too Greedy (Dark Souls Stream);Skrai [Aranfara]
ws6KsvJ-wb4;UCJJInXr1gMJjfn97aUwZzNg;Dark Souls III - ????????? ????????;ND Play
nIWMRtMgeig;UCVYeVjIlZGFXpt3pgdkxbGQ;9 Things about Dark Souls enemy names translation;Crestfallen
CMieLpqOUGE;UCP9D9cyFUX6WYTNxbgGDeCA;Dark Souls 2 Lore - ???? Vs. ???????: ???? ?????????;Likoris
hKgzeoXHNx0;UC-3QwnB0mefZMnPjAqOyNkg;?? ????? ?????999 | Live Stream Dark Souls II;d7oomy_999 | ????????
xt8thQjs0Eo;UC9wK7Av9acHl7CXPwVbivvw;??????? ?? 21.05.15 Dark Souls II (????? ?????????? ???????);Mpv Films
af3xsAyiWY0;UClNSdNAqetoA97IG9zvscow;Dark Souls LORE: Tarkus, Hierro Negro - Historia y Curiosidades;La Caverna del Gamer
DBHLQS1vG0A;UCA7-KUzOQF-qk46knmCnCmg;EL BOSS MAS DIFICIL DEL DARK SOULS 2 (con nivel 1)!! - RETO 100% IMPOSIBLE!;Powerbazinga TV
oHNxxCVyNKg;UCHxOq6JWwS5NxzjOeAN6-IQ;Dark Souls #01 - Entendendo Toda a História (Lore);NOPi GAMER
mzkfYy8oTBY;UCDyiq3Junzpeor4PdOCOzOA;Dark Souls All Bosses Speedrun WR 1:15:43 (Former World Record);Santzo84
k4h3YuCIG4I;UCcq5abYLnZQrRSUa48HlIpQ;Dark Souls 2 - El Perseguidor - Como matar a este boss en 2 minutos - SotFS - capitulo #5;MRDOMI
F97HwhcW-A4;UC9ovxiMauryd_vMZj2gHeTg;Dark Souls Thanks Obama;Cyber_Ninja
oEaAj3hnhjA;UChvHBTkphiMlz52vJYtz-ww;Dark Souls. ????? 1: ????? ????;?????? ??
Y0MVGcfF-Rg;UCQYkkC3Eb_0p08VqWQECfnQ;La explicación de los 3 finales de Dark Souls 2;Acre
u6qvUPf-O0w;UCEqenmVLMGDN5yvbEQeaC7w;Dark Souls - All bosses Speedrun in 1:17:25 In-game time;Elajjaz
eNKXiyVyRwc;UCtnmHPgmcQOxJKj1ZG4rmLw;7 DÍAS EN DARK SOULS II;Muzska89
33NoKZ0k_HM;UCeSj3Tsg0W02FhyJv44uf6w;Dark Souls x Warframe SFM - Excalicopter's Gambit;StallordD
w8n_rYCh818;UCeTm7pU7uuoiDgIP6xpUVxQ;Ist halt kein Dark Souls | Nils, Simon und Dennis | Best of E3;Jacky tori
mt8hnM0CNTE;UCT9IeyYbxExIkTudYi--x_A;Dark Souls - All Grab Attacks;zoikoikum
HsuS-GcjQDA;UCu9DFMTm98z_sXyoDLSbc2w;Dark Souls Centrado y Calmado LIVE;Zorman World
RAC_zr5AWmI;UCu9DFMTm98z_sXyoDLSbc2w;Mi paciencia va a explotar | Dark Souls Ep 4;Zorman World
CU5FchCf96o;UCu9DFMTm98z_sXyoDLSbc2w;Demasiado fácil para estas manos | Dark Souls Ep 1;Zorman World
dS2VecypkNI;UCboMX_UNgaPBsUOIgasn3-Q;Dark Souls 3 LEAKED? - Dude Soup Podcast #19;Funhaus
BtxL_uQ_N9Q;UCF3Ez6QwZwwr_E7RZGJMW0A;¡AHORA PRESUMEN DEL DARK SOULS! - Sasel - Opinión - Bloodborne - Ps4 - Sony - Sonyer . Gurú;saselandia
9EZNedlUpdI;UCS6eX6dDkINsu9vmO7Dzy-Q;I fan di Dark Souls hanno rotto il cazzo - PourparlYEAH!;Gianandrea Muià
_NPKRGZprjY;UCYufxNN4JYBVQ7zL1Khb7sQ;Bemutatjuk: Dark Souls II - Scholar of the First Sin | PC;Otherworld
ZdTiivXCCTM;UCC9ZIpLRneyc3gyoCrEj1uw;Zrozumie? Soulsy - czy Dark Souls i Bloodborne to gry dla Ciebie?;quaz9
lx5izuCgS1E;UCFiI5zUTV3WFODN6jIE1qxQ;COMO ENFRENTAR O LORD ALDIA NO FINAL DO GAME - DARK SOULS 2 [DICAS DO PAINKILLER];ERA Games
jEkPApJ1wCU;UCWKtHaeXVzUscYGcm0hEunw;DARK SOULS 2 SCHOLAR OF THE FIRST SIN no PLAYSTATION 4;BRKsEDU
lF_hnXbsU3A;UCJlpDJj8W1HzHqVfgL_6NLw;Dark Souls II: Scholar of the First Sin - ????? \ ?????? ?? ????;????
HHdNHqmukWg;UCRZglZD3Zbz6fgz5IzMXcGg;?lk ?zlenim: Dark Souls 2 - Scholar of the First Sin;Dost Kayao?lu
mTHFGdi8cvI;UCuVIWETFdxzwlHEHMbhm2_w;Dark Souls 2 Scholar of The First Sin : Conferindo o Game (DLC);Zangado
NzYCEQFEgFU;UCzRKnN3Si8tawp35-Ilvqng;Mas Alla del Videojuego: Dark Souls;El Gamer Friki
ofP9Zsf0cRA;UCvjBP_7hRpPKCJgHsxK6FIA;Dark Souls - ??????! #3;DariyaWillis
muNFu6_sK7Y;UCtnmHPgmcQOxJKj1ZG4rmLw;TOP 10 JEFES DARK SOULS (5-1);Muzska89
GGrzQDB56_8;UCtnmHPgmcQOxJKj1ZG4rmLw;TOP 10 JEFES DARK SOULS (10-6);Muzska89
4VsUjP5KPwA;UCedicLbmN_7vPUmPXlvKPFg;Skyrim › Dark Souls in Skyrim;General Sam
EbPkYB3g2o0;UCpu0mkL0dOZLUsGvO2kmIdw;Skyrim : Dark Souls 2 Armors Mod;neotorious
AA95LKcZ3vc;UClQpJoGn6xJJBX-yapsGU_g;Dark Souls Tattoos (Tatuajes de Dark Souls);chirola666
C6N9PT3pvEo;UCwNUvFnzaSFzJJy6YnvgKwQ;GRAN FINAL | Dark Souls con Lou - 2 / 2;Outconsumer
jAUoTN5euXw;UCwNUvFnzaSFzJJy6YnvgKwQ;SOY REPUBLICANO | Dark Souls con Lou (Ep. 34);Outconsumer
op2MEBNUU4I;UC2EFhJTQESvy0vT3u-sxofw;Dark Souls 2 Cut / Unused Content: Weapons & Shields Part 2;Sanadsk
if2A9D_wFr8;UCwNUvFnzaSFzJJy6YnvgKwQ;CON FINAL FELIZ | Dark Souls Ep. 30;Outconsumer
IVkzA6MZAR4;UCqX_WG0rd9PShk1gLKTKBxw;dark souls of heist games;MarioInATopHat
51AXW_Wx6OQ;UCwNUvFnzaSFzJJy6YnvgKwQ;LOS DOS AMIGUITOS DORADOS | Dark Souls (Ep. 27);Outconsumer
99-GTew-KU8;UCwNUvFnzaSFzJJy6YnvgKwQ;LLEGAN REFUERZOS | Dark Souls (Ep. 26);Outconsumer
KrLiqsKgGe0;UCdRx6BjmUwdP7pfGIYPRHaQ;DARK SOULS #1 - Muerte y soledad;alexelcapo
I5qNiTwejE0;UCwNUvFnzaSFzJJy6YnvgKwQ;MARIPOSAS Y MUSGO | Dark Souls con Lou (Ep 15);Outconsumer
7d-GG_dmrBs;UCT2jVMDUoeUKWZII-OUXFUA;Dark Souls: Black Dragon Kalameet / ?????? ?????? ??????? - ????????? ??????????? ????? ? ????.;VeLiD
tIzf_MAbxyg;UCmEClzCBDx-vrt0GuSKBd9g;Dark Souls II - Fodão! SQN! | NerdPlayer 142;Jovem Nerd
Dq8Kw2tiBU4;UCtmt5kwXGmuyi925pzo9LeQ;Dark Souls 2 Lore [Deutsch]- Der alte Eisenkönig;SrockJohnny
bL38hiymRlM;UCKNJiTmKrur10zxStf5Gztw;Speed Game - Dark Souls II - Speed run All Bosses;NESblog / Speed Game
0NN97ni5uiA;UCwNUvFnzaSFzJJy6YnvgKwQ;¡NO PASARÁS! | Dark Souls con Lou (Ep3);Outconsumer
mfaDOlBy3AU;UCKNJiTmKrur10zxStf5Gztw;Speed Game Hors-série: Dark Souls All Bosses en 1:20:46 par Santzo;NESblog / Speed Game
0LDfw17z0Hg;UCI95an3-hKt0XnzART-VyPA;Dark Souls 2 (DLC Parte 2): Hollow Skin - Imunidade à Maldição!;Filipe Ramos
gM-fA1YeycU;UCuxfOdbKQy0tgGXcm9sjHiw;DESAFIO CUMPRIDO! - Dark Souls 2: Smelter Demon;Coisa de Nerd
SMlDBNbuX4M;UCOXpOY9eQHRvnSXnO31mSUA;Dark Souls 2 - ??? ??????? ? ?????? ???????.;Bes Poleznyi
jSUqjRPGh8w;UCtnmHPgmcQOxJKj1ZG4rmLw;DARK SOULS NO ES DIFICIL;Muzska89
IBc0WKD90ig;UCL7JL6A3ClFkopUVlugiVZg;PEDAZO DE DLC! Dark Souls DLC #1 en Español - GOTH;Jaidefinichon GOTH
3R3DsRXgz90;UCL7JL6A3ClFkopUVlugiVZg;DRAGONES.GIF Dark Souls II #14 en Español - GOTH;Jaidefinichon GOTH
0oy2oBb-2nA;UCG8ZcwgThN8naP7pGxtNECA;FRISS MEINE BROTWURST! - Dark Souls 2 [Part 3];BrotWurst
57cRy-j81ck;UCL7JL6A3ClFkopUVlugiVZg;Dark Souls II #11 en Español - GOTH;Jaidefinichon GOTH
gByQBT7i5Ag;UC_eA572lBzVkpXhoeWnqSKQ;I DIFETTI DI DARK SOULS 2 feat. SABAKU NO MAIKU;Quei Due Sul Server
whTV0-R8AUA;UCCVeGyp5bq2wOYz5AizWbNw;10 ????? ????????? ???? ? Dark Souls 2 (??? ???????);Will MaX
9hhi40Lu4Xw;UCCVeGyp5bq2wOYz5AizWbNw;10 ????? ????????? ???? ? Dark Souls 2 (???????);Will MaX
QPTaWpIk2pM;UCI95an3-hKt0XnzART-VyPA;Dark Souls 2: [Bug] Voando, Atravessando Paredes e Super Velocidade!;Filipe Ramos
jaS_lXnkiDY;UCCVeGyp5bq2wOYz5AizWbNw;10 ????? ????????? ???? ? Dark Souls 2 (??????????);Will MaX
PY0Qg4L623A;UCCVeGyp5bq2wOYz5AizWbNw;Dark Souls 2 ??? - ?????: ??????????!;Will MaX
ewC1_FYRqa8;UCbu2SsF-Or3Rsn3NxqODImw;Dark Souls in Skyrim - Top 5 Skyrim Mods of the Week;GameSpot
5_ZnnIaWco8;UCylfxXlnvdvjP3CmfwJN_Jg;Maddyson ?????? ? Dark Souls 2;Maddyblog
6QzbAxE72ik;UCWnNKC1wrH_NXAXc5bhbFnA;?????????? 35: Dark Souls 2, ?all of Duty Advanced Warfare;Dmitry Puchkov
DQujdsnRmmQ;UCy1gMlw9oi43htttZZJG6zg;Dark Souls fan art -  Ornstein you are not alone!;SerValt
Qn58C3GtQtY;UCCVeGyp5bq2wOYz5AizWbNw;10 ????? ????????? ???? ? Dark Souls 2 (??? ?????? ????????);Will MaX
Z2MdmiDGqCQ;UCL7JL6A3ClFkopUVlugiVZg;Dark Souls 2 - Ep.2 (El regreso del Argentino) en Español - GOTH;Jaidefinichon GOTH
SeX_aVGh4os;UCI95an3-hKt0XnzART-VyPA;"Dark Souls 2: Arma ""Secreta"", Pickaxe!";Filipe Ramos
IHMKTqhHq7E;UCrt_PUTF9LdJyuDfXweHwuQ;Chroniques de Mr. Plouf #35 - Dark Souls 2;Monsieur Plouf
DctE1H16UhU;UCCVeGyp5bq2wOYz5AizWbNw;Dark Souls: 5 ????? ? ??????? ?? ????? ?? ?????;Will MaX
HyBK9FpZTms;UCL7JL6A3ClFkopUVlugiVZg;Dark Souls 2 (El Argentinoooo) Rancio Gaming en Es;Jaidefinichon GOTH
G43HnnWNOGQ;UCB5WM5HAoJwRMe4OHDzeIOw;10 ????? ??????? ?? ?? ????? ? Dark Souls 2;Stranded Orange
TYdNZy5NMoI;UCsmx517WjzoyFuC17DGVt1A;Manqueando en Dark Souls II;Wismichu
vIR90BZajuI;UCzQpq8WH6uqxQurEJGnklfA;Dark Souls X Donnie Darko X LE SAVIEZ-VOUS ? X SLG 21 #AIENKEI;AIENKEI
dpgLpc-YISE;UCZS1Gx_VCCTJ4NTmfXAIGYw;DOBLAJE DARK SOULS 2 ¡ ES JODIDAMENTE DIFICIL !;alioli
U1cjgEt0CbY;UCMxsVULY_qsk_aNdAqzcNUA;DARK SOULS #27 - FINALE;YotobiGames
PquhKW_rLTQ;UCI95an3-hKt0XnzART-VyPA;Dark Souls 2 [Bug]: 'Pulando' Metade do Jogo!;Filipe Ramos
mXiV1AfP6gQ;UCMxsVULY_qsk_aNdAqzcNUA;DARK SOULS #25 - Ok, il Boss è giusto!;YotobiGames
hj1B2NcGoAE;UCumVAwgN8OQWZsZXKuoldNg;Reseña Dark Souls II | 3 Gordos Bastardos;3GordosB
yOOnOuRXaYw;UCB5WM5HAoJwRMe4OHDzeIOw;Dark Souls: in Summary (??????? ???????);Stranded Orange
lmqrKjufiWg;UC_Q1vhf7wcR_zGlc5ahAg0A;Dark Souls 2 - ?????? ??????? ???????????;?????????
XSe0Kd43j_A;UC46FpY2M9bb8pVfwBn2dXdw;NO PUEDE SER VERDAD! :,D DARK SOULS MegaGlowen  EP 3;MegaGlowen
iDwOznHmffQ;UCqwGaUvq_l0RKszeHhZ5leA;DARK SOULS 2 # 19 - Bosskampf: Alessia, Ricce und Yahim «»  Let's Play Dark Souls 2 | Deutsch HD;PietSmiet
tSJ6hL16zNI;UCogxlv0uDJyh6xBin3zalKw;??????????? Dark Souls 2 [12] - ?????????? / Shaded Woods;WhyMe758
vdNIOgH7s8I;UC1B_JfwK3vkhm7VmB-3X_hA;Dark Souls 2 All Bosses Speedrun in 3:15:06;LobosJr
Gh8x1AGIaPY;UC4plRabXFGdAE6HP-tBQKdQ;:: DARK SOULS :: ???????????? Part 1;HEARTROCKER
yfC8hFtxF7g;UCogxlv0uDJyh6xBin3zalKw;??????????? Dark Souls 2 [11] - ?????? ????? / Harvest Valley, ?????? ????????? ???? / Earthern Peak;WhyMe758
UoARqR297Jg;UCJ2ZDzMRgSrxmwphstrm8Ww;DARK SOULS 2 KILLS US LOTS (Backseat Gaming);Smosh Games
OUMuKmWkHuY;UCogxlv0uDJyh6xBin3zalKw;??????????? Dark Souls 2 [09] - ???? ??????? ???????? / Lost Bastille;WhyMe758
_uXmZItaaSE;UCtnmHPgmcQOxJKj1ZG4rmLw;TODO LO QUE PUEDO HACER EN DARK SOULS II;Muzska89
61ad93HTVJA;UCZtCQDwkuZjG2Q0c4QBhhUQ;Dark Souls II Guida da HDBlog   Sbloccare l'armatura di Havel;HDblog-Games
uKxaqcyEtYA;UCI95an3-hKt0XnzART-VyPA;Dark Souls 2: Buraco em Majula e Pulando Grave of Saints!;Filipe Ramos
22FLD0eApPE;UCogxlv0uDJyh6xBin3zalKw;??????????? Dark Souls 2 [07] - ????????? ???????? / No-Man's Wharf;WhyMe758
IzcH2TfeBN8;UCogxlv0uDJyh6xBin3zalKw;??????????? Dark Souls 2 [06] - ???????? ????? ????? (? ???????) / Heide's Tower of Flames;WhyMe758
xujxvhrIHy4;UCogxlv0uDJyh6xBin3zalKw;??????????? Dark Souls 2 [02] - ??????? / Majula;WhyMe758
KoCgLu0HHw0;UCuVIWETFdxzwlHEHMbhm2_w;Dark Souls 2 : A Primeira Meia Hora;Zangado
MSys_d-tpSE;UC3PD56KfWM9Sq-aGB4RavkQ;Etienne Gardé: Eddy spielt lieber Dark Souls;soylent hills
iYN19aelIyg;UCQYkkC3Eb_0p08VqWQECfnQ;Dark Souls Lore, Historia 34- Personajes secundarios 2/2;Acre
n4CRy6XFa-s;UCMxsVULY_qsk_aNdAqzcNUA;DARK SOULS #18 - San Valentino da esplorare;YotobiGames
1jbPrBoCcew;UCfiIhdy7hncZvdBDbZqSIZg;Dark Lords - Dark Souls Lore: Gwyn, Lord of Sunlight and Cinder;DaveControl
JtaxoWpz4to;UC1B_JfwK3vkhm7VmB-3X_hA;Dark Souls Fist-Only Run (using Tumblebuff glitch);LobosJr
#NAME?;UC1B_JfwK3vkhm7VmB-3X_hA;Dark Souls 1 Stamina, No Spells challenge run Part 1;LobosJr
ISeE0UeulUc;UC1B_JfwK3vkhm7VmB-3X_hA;Dark Souls 1 Health, Sorcery-only, No shield, Gravelorded, Aggressive challenge run Part 2;LobosJr
mfltf41i7iM;UC1B_JfwK3vkhm7VmB-3X_hA;Dark Souls 1 Health, Sorcery-only, No shield, Gravelorded, Aggressive challenge run Part 1;LobosJr
0QkfH1rldGs;UC5G3hwgMUUlouYTgI_OVPuA;????????Dark Souls ??part1;?????
Ag2uMkU-Y0o;UCTlPCQjV82s8lN2At3bOVpg;Dark Souls Lore - Xanthous King Jeremiah;Silver Mont
5bqwpvxEUBU;UCMxsVULY_qsk_aNdAqzcNUA;DARK SOULS #12 - Peggiori 2 ore di gioco mai fatte;YotobiGames
jLqoNCqI8Ws;UC1B_JfwK3vkhm7VmB-3X_hA;Dark Souls Lore% Part 1;LobosJr
gvgtDDRHoBU;UCaSAM5kna2KyX-uVLSGr8PQ;Gameplay Dark Souls com Danilo Gentili;omeleteve
XkWmO7qYOy0;UCMxsVULY_qsk_aNdAqzcNUA;DARK SOULS #9 - Kirk tornatene nello spazio!;YotobiGames
3FiS3RpXvBY;UC1B_JfwK3vkhm7VmB-3X_hA;Dark Souls Weapon Swap Mod Challenge Run;LobosJr
fOEvfMZNePg;UC1B_JfwK3vkhm7VmB-3X_hA;Dark Souls 1 Million Souls Run;LobosJr
Aj9FIGY7YvA;UCMxsVULY_qsk_aNdAqzcNUA;DARK SOULS #8 - Capra!;YotobiGames
7sS3uKIZmV0;UC1B_JfwK3vkhm7VmB-3X_hA;Dark Souls All Bosses Race with Pancakeminer;LobosJr
sLSy2EEx-fs;UC1B_JfwK3vkhm7VmB-3X_hA;Dark Souls Dragon Punch Only run;LobosJr
KVQDNRXpzR0;UCQYkkC3Eb_0p08VqWQECfnQ;Dark Souls Lore, Historia 11- Tarkus;Acre
RV4ktYB5Kz0;UCMxsVULY_qsk_aNdAqzcNUA;DARK SOULS #5 - SONO UN IDIOTA ENORME;YotobiGames
c5wrBnJQRyI;UCId5mQSBVAOrOdLdfY1J4VQ;Dark Souls :: SPEED RUN (1:09:28) [PC] by Ubergoose #SGDQ 2013;SpeedDemosArchiveSDA
AtdbYk4kLnI;UCQYkkC3Eb_0p08VqWQECfnQ;Dark Souls Lore, Historia 4- Seath el descamado;Acre
PQypVe3grbw;UCQYkkC3Eb_0p08VqWQECfnQ;Dark Souls Lore, Historia 2- La bruja de Izalith;Acre
qtbRWaSh8hY;UCQYkkC3Eb_0p08VqWQECfnQ;Dark Souls Lore, Historia 3- Nito;Acre
tIpQBpg-5EA;UCQYkkC3Eb_0p08VqWQECfnQ;La historia de Dark Souls | Los 4 caballeros de Gwyn | 1: Ornstein;Acre
vhzbJC4Khjg;UC1B_JfwK3vkhm7VmB-3X_hA;Dark Souls Mimic Head/No Heal Challenge Run;LobosJr
8m1Zd__VMqg;UC1B_JfwK3vkhm7VmB-3X_hA;Dark Souls Bow-only No Lock-on challenge run;LobosJr
c79BNs4pmV4;UC1B_JfwK3vkhm7VmB-3X_hA;Dark Souls No Healing Items/No Bonfire Challenge Speedrun (no healing, leveling, attuning);LobosJr
87lArd4kuQk;UCuKweXt85_48rxbd94Un3oQ;Dark Souls, L'Anima della Sfida 2 - Trolling Lordran;Sabaku no Maiku
Old-NBeMi1A;UCKNJiTmKrur10zxStf5Gztw;Speed Game - Dark Souls - Fini en 57:16 (no glitch);NESblog / Speed Game
TBUBGDzLZ6Q;UCKNJiTmKrur10zxStf5Gztw;Speed Game Hors-Série: Dark Souls All Bosses en 1:37:14;NESblog / Speed Game
_T2xmLTinF8;UCKNJiTmKrur10zxStf5Gztw;Speed Game - Dark Souls - Fini en 26:58;NESblog / Speed Game
vXp3OaR9xJU;UCe0DNp0mKMqrYVaTundyr9w;The Second 10 Things You Didn't Know About Dark Souls!;VaatiVidya
1PX8y4GfBzc;UCy2jagZSDY7nS7bXDkVjD9g;Dark Souls (??? ???????? ??????? ???? ? ?????? ????);FlashWarrior ?????? ?? ?????
VZ_L6hA5LeE;UCe0DNp0mKMqrYVaTundyr9w;The First 10 Things You Didn't Know About Dark Souls!;VaatiVidya
2Va1MNWGc1M;UCtnmHPgmcQOxJKj1ZG4rmLw;Parte 2 / Masacre En Mi Recto / Recopilacion Muertes Dark Souls;Muzska89
PsluyPMqXTc;UCtnmHPgmcQOxJKj1ZG4rmLw;MASACRE EN MI RECTO / Recopilación Muertes en Dark Souls / Parte 1;Muzska89
MMvjCrCWZs8;UCRelpnzH9Yex_cPfqGxspnw;[DARK SOULS]????????????? PART-1[HD];y3tube
aBrggyq6Yzc;UCysD2z-V29qi4uEC1Fn8UDA;Dark Souls - 'Tool' Assisted SpeedRun;Ttanoraa
vqDySYlZfNY;UCe0DNp0mKMqrYVaTundyr9w;Dark Souls Story ? The Heroes of Firelink Shrine;VaatiVidya
l-i0RvmS-QI;UC1B_JfwK3vkhm7VmB-3X_hA;Dark Souls Fist Weapon Only speedrun PB 2:18:38;LobosJr
AEix6sRiAL4;UCe0DNp0mKMqrYVaTundyr9w;Dark Souls Story ? Big Hat Logan;VaatiVidya
3mlWvAYQreA;UCuKweXt85_48rxbd94Un3oQ;Dark Souls, L'Anima Oscura 7 - Ritorno alla Lore!;Sabaku no Maiku
1IoqJdmLOEI;UCuKweXt85_48rxbd94Un3oQ;Dark Souls, L'Anima Oscura 6 - F*****o Città Infame;Sabaku no Maiku
atDT82_QUuQ;UCCqnN6ApN4VO9uKOpCoDxww;LORE - Dark Souls Lore in a Minute!;LORE
QEpFS0RHlW8;UCmEClzCBDx-vrt0GuSKBd9g;Dark Souls - O jogo mais fácil do mundo! | NerdPlayer;Jovem Nerd
s8sZkk4HKCo;UCw5D2fVnYmxdJASJkLudWFA;Guía Dark Souls - Tumba de los Gigantes - Matar a Nito, el Rey del Cementerio;Blarzek
uItoZfcK524;UCe0DNp0mKMqrYVaTundyr9w;DARK SOULS Lore in a Minute!;VaatiVidya
vQOEkPTnKd4;UCuX1iZ3GREamRZgcssyMxpA;?? ? ???? ?????? Dark Souls;Eligorko
CfWOETWx1Wc;UCuX1iZ3GREamRZgcssyMxpA;? ???????? ???????? ???? [Dark Souls];Eligorko
ff-CN0D-emY;UCogxlv0uDJyh6xBin3zalKw;Dark Souls [?????? 5] - ???????, ?????????? ??????;WhyMe758
